stdio    D         file_stdio.c:110  file_stdio_fopen                 [   0.00000] opening D:\大學\大二上\計算機程式設計\CSI2P-Final-Project-Template\CSI2P-Final-Project-Template\SourceCode\allegro5.cfg r
system   D            wsystem.c:874  _al_win_safe_load_library        [   0.00000] PathFindOnPath found: C:\WINDOWS\system32\shcore.dll
system   D            wsystem.c:780  load_library_at_path             [   0.00000] Calling LoadLibrary C:\WINDOWS\system32\shcore.dll
system   I            wsystem.c:783  load_library_at_path             [   0.00000] Loaded C:\WINDOWS\system32\shcore.dll
system   I             system.c:271  al_install_system                [   0.00000] Allegro version: 5.2.7
audio-dsound I           dsound.cpp:271  _dsound_open                     [   0.00016] Starting DirectSound...
audio-dsound D           dsound.cpp:280  _dsound_open                     [   0.01137] DirectSoundCreate8 succeeded
audio-dsound I           dsound.cpp:73   get_window                       [   0.01140] Using desktop window: 0000000000010010
audio    I              audio.c:347  do_install_audio                 [   0.01145] Using DirectSound driver
system   D            wsystem.c:874  _al_win_safe_load_library        [   0.01155] PathFindOnPath found: C:\WINDOWS\system32\d3d9.dll
system   D            wsystem.c:780  load_library_at_path             [   0.01156] Calling LoadLibrary C:\WINDOWS\system32\d3d9.dll
system   I            wsystem.c:783  load_library_at_path             [   0.01220] Loaded C:\WINDOWS\system32\d3d9.dll
d3d      I         d3d_disp.cpp:684  d3d_init_display                 [   0.07711] Render-to-texture: 1
d3d      I         d3d_disp.cpp:1782 d3d_create_display_locked        [   0.07809] faux_fullscreen=0
d3d      D         d3d_disp.cpp:1783 d3d_create_display_locked        [   0.07810] al_display=0000000002df7d60
d3d      D         d3d_disp.cpp:1784 d3d_create_display_locked        [   0.07811] al_display->vt=0000000000cfee00
d3d      I d3d_display_formats.cpp:144  _al_d3d_generate_display_format_list [   0.08046] found 160 format combinations
display  D   display_settings.c:212  debug_display_settings           [   0.08049] color: 32 (rgba 8880), depth: 0, stencil: 0, acc: 0000, samples: 0/0
display  D   display_settings.c:527  _al_score_display_settings       [   0.08050] Score is : 897
display  D   display_settings.c:212  debug_display_settings           [   0.08051] color: 32 (rgba 8880), depth: 0, stencil: 0, acc: 0000, samples: 0/0
display  D   display_settings.c:527  _al_score_display_settings       [   0.08052] Score is : 897
display  D   display_settings.c:212  debug_display_settings           [   0.08052] color: 32 (rgba 8880), depth: 0, stencil: 0, acc: 0000, samples: 2/1
display  D   display_settings.c:527  _al_score_display_settings       [   0.08053] Score is : 726
display  D   display_settings.c:212  debug_display_settings           [   0.08054] color: 32 (rgba 8880), depth: 0, stencil: 0, acc: 0000, samples: 3/1
display  D   display_settings.c:527  _al_score_display_settings       [   0.08054] Score is : 721
display  D   display_settings.c:212  debug_display_settings           [   0.08055] color: 32 (rgba 8880), depth: 0, stencil: 0, acc: 0000, samples: 4/1
display  D   display_settings.c:527  _al_score_display_settings       [   0.08055] Score is : 717
display  D   display_settings.c:212  debug_display_settings           [   0.08056] color: 32 (rgba 8880), depth: 24, stencil: 8, acc: 0000, samples: 0/0
display  D   display_settings.c:527  _al_score_display_settings       [   0.08057] Score is : 897
display  D   display_settings.c:212  debug_display_settings           [   0.08057] color: 32 (rgba 8880), depth: 24, stencil: 8, acc: 0000, samples: 0/0
display  D   display_settings.c:527  _al_score_display_settings       [   0.08058] Score is : 897
display  D   display_settings.c:212  debug_display_settings           [   0.08058] color: 32 (rgba 8880), depth: 24, stencil: 8, acc: 0000, samples: 2/1
display  D   display_settings.c:527  _al_score_display_settings       [   0.08059] Score is : 726
display  D   display_settings.c:212  debug_display_settings           [   0.08062] color: 32 (rgba 8880), depth: 24, stencil: 8, acc: 0000, samples: 3/1
display  D   display_settings.c:527  _al_score_display_settings       [   0.08063] Score is : 721
display  D   display_settings.c:212  debug_display_settings           [   0.08064] color: 32 (rgba 8880), depth: 24, stencil: 8, acc: 0000, samples: 4/1
display  D   display_settings.c:527  _al_score_display_settings       [   0.08064] Score is : 717
display  D   display_settings.c:212  debug_display_settings           [   0.08065] color: 32 (rgba 8880), depth: 24, stencil: 0, acc: 0000, samples: 0/0
display  D   display_settings.c:527  _al_score_display_settings       [   0.08065] Score is : 897
display  D   display_settings.c:212  debug_display_settings           [   0.08066] color: 32 (rgba 8880), depth: 24, stencil: 0, acc: 0000, samples: 0/0
display  D   display_settings.c:527  _al_score_display_settings       [   0.08067] Score is : 897
display  D   display_settings.c:212  debug_display_settings           [   0.08067] color: 32 (rgba 8880), depth: 24, stencil: 0, acc: 0000, samples: 2/1
display  D   display_settings.c:527  _al_score_display_settings       [   0.08068] Score is : 726
display  D   display_settings.c:212  debug_display_settings           [   0.08068] color: 32 (rgba 8880), depth: 24, stencil: 0, acc: 0000, samples: 3/1
display  D   display_settings.c:527  _al_score_display_settings       [   0.08069] Score is : 721
display  D   display_settings.c:212  debug_display_settings           [   0.08069] color: 32 (rgba 8880), depth: 24, stencil: 0, acc: 0000, samples: 4/1
display  D   display_settings.c:527  _al_score_display_settings       [   0.08070] Score is : 717
display  D   display_settings.c:212  debug_display_settings           [   0.08071] color: 32 (rgba 8880), depth: 16, stencil: 0, acc: 0000, samples: 0/0
display  D   display_settings.c:527  _al_score_display_settings       [   0.08071] Score is : 897
display  D   display_settings.c:212  debug_display_settings           [   0.08072] color: 32 (rgba 8880), depth: 16, stencil: 0, acc: 0000, samples: 0/0
display  D   display_settings.c:527  _al_score_display_settings       [   0.08072] Score is : 897
display  D   display_settings.c:212  debug_display_settings           [   0.08073] color: 32 (rgba 8880), depth: 16, stencil: 0, acc: 0000, samples: 2/1
display  D   display_settings.c:527  _al_score_display_settings       [   0.08074] Score is : 726
display  D   display_settings.c:212  debug_display_settings           [   0.08074] color: 32 (rgba 8880), depth: 16, stencil: 0, acc: 0000, samples: 3/1
display  D   display_settings.c:527  _al_score_display_settings       [   0.08075] Score is : 721
display  D   display_settings.c:212  debug_display_settings           [   0.08075] color: 32 (rgba 8880), depth: 16, stencil: 0, acc: 0000, samples: 4/1
display  D   display_settings.c:527  _al_score_display_settings       [   0.08076] Score is : 717
display  D   display_settings.c:212  debug_display_settings           [   0.08076] color: 16 (rgba 5650), depth: 0, stencil: 0, acc: 0000, samples: 0/0
display  D   display_settings.c:527  _al_score_display_settings       [   0.08077] Score is : 897
display  D   display_settings.c:212  debug_display_settings           [   0.08087] color: 16 (rgba 5650), depth: 0, stencil: 0, acc: 0000, samples: 0/0
display  D   display_settings.c:527  _al_score_display_settings       [   0.08088] Score is : 897
display  D   display_settings.c:212  debug_display_settings           [   0.08089] color: 16 (rgba 5650), depth: 0, stencil: 0, acc: 0000, samples: 2/1
display  D   display_settings.c:527  _al_score_display_settings       [   0.08089] Score is : 726
display  D   display_settings.c:212  debug_display_settings           [   0.08090] color: 16 (rgba 5650), depth: 0, stencil: 0, acc: 0000, samples: 3/1
display  D   display_settings.c:527  _al_score_display_settings       [   0.08091] Score is : 721
display  D   display_settings.c:212  debug_display_settings           [   0.08091] color: 16 (rgba 5650), depth: 0, stencil: 0, acc: 0000, samples: 4/1
display  D   display_settings.c:527  _al_score_display_settings       [   0.08092] Score is : 717
display  D   display_settings.c:212  debug_display_settings           [   0.08093] color: 16 (rgba 5650), depth: 24, stencil: 8, acc: 0000, samples: 0/0
display  D   display_settings.c:527  _al_score_display_settings       [   0.08093] Score is : 897
display  D   display_settings.c:212  debug_display_settings           [   0.08094] color: 16 (rgba 5650), depth: 24, stencil: 8, acc: 0000, samples: 0/0
display  D   display_settings.c:527  _al_score_display_settings       [   0.08095] Score is : 897
display  D   display_settings.c:212  debug_display_settings           [   0.08095] color: 16 (rgba 5650), depth: 24, stencil: 8, acc: 0000, samples: 2/1
display  D   display_settings.c:527  _al_score_display_settings       [   0.08096] Score is : 726
display  D   display_settings.c:212  debug_display_settings           [   0.08097] color: 16 (rgba 5650), depth: 24, stencil: 8, acc: 0000, samples: 3/1
display  D   display_settings.c:527  _al_score_display_settings       [   0.08097] Score is : 721
display  D   display_settings.c:212  debug_display_settings           [   0.08098] color: 16 (rgba 5650), depth: 24, stencil: 8, acc: 0000, samples: 4/1
display  D   display_settings.c:527  _al_score_display_settings       [   0.08098] Score is : 717
display  D   display_settings.c:212  debug_display_settings           [   0.08099] color: 16 (rgba 5650), depth: 24, stencil: 0, acc: 0000, samples: 0/0
display  D   display_settings.c:527  _al_score_display_settings       [   0.08100] Score is : 897
display  D   display_settings.c:212  debug_display_settings           [   0.08100] color: 16 (rgba 5650), depth: 24, stencil: 0, acc: 0000, samples: 0/0
display  D   display_settings.c:527  _al_score_display_settings       [   0.08101] Score is : 897
display  D   display_settings.c:212  debug_display_settings           [   0.08102] color: 16 (rgba 5650), depth: 24, stencil: 0, acc: 0000, samples: 2/1
display  D   display_settings.c:527  _al_score_display_settings       [   0.08102] Score is : 726
display  D   display_settings.c:212  debug_display_settings           [   0.08103] color: 16 (rgba 5650), depth: 24, stencil: 0, acc: 0000, samples: 3/1
display  D   display_settings.c:527  _al_score_display_settings       [   0.08103] Score is : 721
display  D   display_settings.c:212  debug_display_settings           [   0.08104] color: 16 (rgba 5650), depth: 24, stencil: 0, acc: 0000, samples: 4/1
display  D   display_settings.c:527  _al_score_display_settings       [   0.08105] Score is : 717
display  D   display_settings.c:212  debug_display_settings           [   0.08105] color: 16 (rgba 5650), depth: 16, stencil: 0, acc: 0000, samples: 0/0
display  D   display_settings.c:527  _al_score_display_settings       [   0.08106] Score is : 897
display  D   display_settings.c:212  debug_display_settings           [   0.08107] color: 16 (rgba 5650), depth: 16, stencil: 0, acc: 0000, samples: 0/0
display  D   display_settings.c:527  _al_score_display_settings       [   0.08107] Score is : 897
display  D   display_settings.c:212  debug_display_settings           [   0.08108] color: 16 (rgba 5650), depth: 16, stencil: 0, acc: 0000, samples: 2/1
display  D   display_settings.c:527  _al_score_display_settings       [   0.08109] Score is : 726
display  D   display_settings.c:212  debug_display_settings           [   0.08109] color: 16 (rgba 5650), depth: 16, stencil: 0, acc: 0000, samples: 3/1
display  D   display_settings.c:527  _al_score_display_settings       [   0.08110] Score is : 721
display  D   display_settings.c:212  debug_display_settings           [   0.08111] color: 16 (rgba 5650), depth: 16, stencil: 0, acc: 0000, samples: 4/1
display  D   display_settings.c:527  _al_score_display_settings       [   0.08111] Score is : 717
display  D   display_settings.c:212  debug_display_settings           [   0.08112] color: 32 (rgba 8880), depth: 0, stencil: 0, acc: 0000, samples: 0/0
display  D   display_settings.c:398  _al_score_display_settings       [   0.08113] Single Buffer requirement not met.
display  D   display_settings.c:212  debug_display_settings           [   0.08113] color: 32 (rgba 8880), depth: 0, stencil: 0, acc: 0000, samples: 0/0
display  D   display_settings.c:398  _al_score_display_settings       [   0.08114] Single Buffer requirement not met.
display  D   display_settings.c:212  debug_display_settings           [   0.08114] color: 32 (rgba 8880), depth: 0, stencil: 0, acc: 0000, samples: 2/1
display  D   display_settings.c:398  _al_score_display_settings       [   0.08115] Single Buffer requirement not met.
display  D   display_settings.c:212  debug_display_settings           [   0.08116] color: 32 (rgba 8880), depth: 0, stencil: 0, acc: 0000, samples: 3/1
display  D   display_settings.c:398  _al_score_display_settings       [   0.08116] Single Buffer requirement not met.
display  D   display_settings.c:212  debug_display_settings           [   0.08117] color: 32 (rgba 8880), depth: 0, stencil: 0, acc: 0000, samples: 4/1
display  D   display_settings.c:398  _al_score_display_settings       [   0.08118] Single Buffer requirement not met.
display  D   display_settings.c:212  debug_display_settings           [   0.08118] color: 32 (rgba 8880), depth: 24, stencil: 8, acc: 0000, samples: 0/0
display  D   display_settings.c:398  _al_score_display_settings       [   0.08119] Single Buffer requirement not met.
display  D   display_settings.c:212  debug_display_settings           [   0.08120] color: 32 (rgba 8880), depth: 24, stencil: 8, acc: 0000, samples: 0/0
display  D   display_settings.c:398  _al_score_display_settings       [   0.08120] Single Buffer requirement not met.
display  D   display_settings.c:212  debug_display_settings           [   0.08121] color: 32 (rgba 8880), depth: 24, stencil: 8, acc: 0000, samples: 2/1
display  D   display_settings.c:398  _al_score_display_settings       [   0.08121] Single Buffer requirement not met.
display  D   display_settings.c:212  debug_display_settings           [   0.08122] color: 32 (rgba 8880), depth: 24, stencil: 8, acc: 0000, samples: 3/1
display  D   display_settings.c:398  _al_score_display_settings       [   0.08123] Single Buffer requirement not met.
display  D   display_settings.c:212  debug_display_settings           [   0.08123] color: 32 (rgba 8880), depth: 24, stencil: 8, acc: 0000, samples: 4/1
display  D   display_settings.c:398  _al_score_display_settings       [   0.08124] Single Buffer requirement not met.
display  D   display_settings.c:212  debug_display_settings           [   0.08125] color: 32 (rgba 8880), depth: 24, stencil: 0, acc: 0000, samples: 0/0
display  D   display_settings.c:398  _al_score_display_settings       [   0.08125] Single Buffer requirement not met.
display  D   display_settings.c:212  debug_display_settings           [   0.08126] color: 32 (rgba 8880), depth: 24, stencil: 0, acc: 0000, samples: 0/0
display  D   display_settings.c:398  _al_score_display_settings       [   0.08127] Single Buffer requirement not met.
display  D   display_settings.c:212  debug_display_settings           [   0.08127] color: 32 (rgba 8880), depth: 24, stencil: 0, acc: 0000, samples: 2/1
display  D   display_settings.c:398  _al_score_display_settings       [   0.08128] Single Buffer requirement not met.
display  D   display_settings.c:212  debug_display_settings           [   0.08129] color: 32 (rgba 8880), depth: 24, stencil: 0, acc: 0000, samples: 3/1
display  D   display_settings.c:398  _al_score_display_settings       [   0.08130] Single Buffer requirement not met.
display  D   display_settings.c:212  debug_display_settings           [   0.08131] color: 32 (rgba 8880), depth: 24, stencil: 0, acc: 0000, samples: 4/1
display  D   display_settings.c:398  _al_score_display_settings       [   0.08131] Single Buffer requirement not met.
display  D   display_settings.c:212  debug_display_settings           [   0.08132] color: 32 (rgba 8880), depth: 16, stencil: 0, acc: 0000, samples: 0/0
display  D   display_settings.c:398  _al_score_display_settings       [   0.08134] Single Buffer requirement not met.
display  D   display_settings.c:212  debug_display_settings           [   0.08135] color: 32 (rgba 8880), depth: 16, stencil: 0, acc: 0000, samples: 0/0
display  D   display_settings.c:398  _al_score_display_settings       [   0.08136] Single Buffer requirement not met.
display  D   display_settings.c:212  debug_display_settings           [   0.08137] color: 32 (rgba 8880), depth: 16, stencil: 0, acc: 0000, samples: 2/1
display  D   display_settings.c:398  _al_score_display_settings       [   0.08137] Single Buffer requirement not met.
display  D   display_settings.c:212  debug_display_settings           [   0.08138] color: 32 (rgba 8880), depth: 16, stencil: 0, acc: 0000, samples: 3/1
display  D   display_settings.c:398  _al_score_display_settings       [   0.08138] Single Buffer requirement not met.
display  D   display_settings.c:212  debug_display_settings           [   0.08139] color: 32 (rgba 8880), depth: 16, stencil: 0, acc: 0000, samples: 4/1
display  D   display_settings.c:398  _al_score_display_settings       [   0.08140] Single Buffer requirement not met.
display  D   display_settings.c:212  debug_display_settings           [   0.08140] color: 16 (rgba 5650), depth: 0, stencil: 0, acc: 0000, samples: 0/0
display  D   display_settings.c:398  _al_score_display_settings       [   0.08141] Single Buffer requirement not met.
display  D   display_settings.c:212  debug_display_settings           [   0.08142] color: 16 (rgba 5650), depth: 0, stencil: 0, acc: 0000, samples: 0/0
display  D   display_settings.c:398  _al_score_display_settings       [   0.08142] Single Buffer requirement not met.
display  D   display_settings.c:212  debug_display_settings           [   0.08143] color: 16 (rgba 5650), depth: 0, stencil: 0, acc: 0000, samples: 2/1
display  D   display_settings.c:398  _al_score_display_settings       [   0.08144] Single Buffer requirement not met.
display  D   display_settings.c:212  debug_display_settings           [   0.08144] color: 16 (rgba 5650), depth: 0, stencil: 0, acc: 0000, samples: 3/1
display  D   display_settings.c:398  _al_score_display_settings       [   0.08145] Single Buffer requirement not met.
display  D   display_settings.c:212  debug_display_settings           [   0.08145] color: 16 (rgba 5650), depth: 0, stencil: 0, acc: 0000, samples: 4/1
display  D   display_settings.c:398  _al_score_display_settings       [   0.08146] Single Buffer requirement not met.
display  D   display_settings.c:212  debug_display_settings           [   0.08147] color: 16 (rgba 5650), depth: 24, stencil: 8, acc: 0000, samples: 0/0
display  D   display_settings.c:398  _al_score_display_settings       [   0.08147] Single Buffer requirement not met.
display  D   display_settings.c:212  debug_display_settings           [   0.08148] color: 16 (rgba 5650), depth: 24, stencil: 8, acc: 0000, samples: 0/0
display  D   display_settings.c:398  _al_score_display_settings       [   0.08149] Single Buffer requirement not met.
display  D   display_settings.c:212  debug_display_settings           [   0.08149] color: 16 (rgba 5650), depth: 24, stencil: 8, acc: 0000, samples: 2/1
display  D   display_settings.c:398  _al_score_display_settings       [   0.08150] Single Buffer requirement not met.
display  D   display_settings.c:212  debug_display_settings           [   0.08151] color: 16 (rgba 5650), depth: 24, stencil: 8, acc: 0000, samples: 3/1
display  D   display_settings.c:398  _al_score_display_settings       [   0.08151] Single Buffer requirement not met.
display  D   display_settings.c:212  debug_display_settings           [   0.08152] color: 16 (rgba 5650), depth: 24, stencil: 8, acc: 0000, samples: 4/1
display  D   display_settings.c:398  _al_score_display_settings       [   0.08153] Single Buffer requirement not met.
display  D   display_settings.c:212  debug_display_settings           [   0.08153] color: 16 (rgba 5650), depth: 24, stencil: 0, acc: 0000, samples: 0/0
display  D   display_settings.c:398  _al_score_display_settings       [   0.08154] Single Buffer requirement not met.
display  D   display_settings.c:212  debug_display_settings           [   0.08155] color: 16 (rgba 5650), depth: 24, stencil: 0, acc: 0000, samples: 0/0
display  D   display_settings.c:398  _al_score_display_settings       [   0.08156] Single Buffer requirement not met.
display  D   display_settings.c:212  debug_display_settings           [   0.08156] color: 16 (rgba 5650), depth: 24, stencil: 0, acc: 0000, samples: 2/1
display  D   display_settings.c:398  _al_score_display_settings       [   0.08157] Single Buffer requirement not met.
display  D   display_settings.c:212  debug_display_settings           [   0.08158] color: 16 (rgba 5650), depth: 24, stencil: 0, acc: 0000, samples: 3/1
display  D   display_settings.c:398  _al_score_display_settings       [   0.08158] Single Buffer requirement not met.
display  D   display_settings.c:212  debug_display_settings           [   0.08159] color: 16 (rgba 5650), depth: 24, stencil: 0, acc: 0000, samples: 4/1
display  D   display_settings.c:398  _al_score_display_settings       [   0.08160] Single Buffer requirement not met.
display  D   display_settings.c:212  debug_display_settings           [   0.08160] color: 16 (rgba 5650), depth: 16, stencil: 0, acc: 0000, samples: 0/0
display  D   display_settings.c:398  _al_score_display_settings       [   0.08161] Single Buffer requirement not met.
display  D   display_settings.c:212  debug_display_settings           [   0.08161] color: 16 (rgba 5650), depth: 16, stencil: 0, acc: 0000, samples: 0/0
display  D   display_settings.c:398  _al_score_display_settings       [   0.08162] Single Buffer requirement not met.
display  D   display_settings.c:212  debug_display_settings           [   0.08163] color: 16 (rgba 5650), depth: 16, stencil: 0, acc: 0000, samples: 2/1
display  D   display_settings.c:398  _al_score_display_settings       [   0.08163] Single Buffer requirement not met.
display  D   display_settings.c:212  debug_display_settings           [   0.08164] color: 16 (rgba 5650), depth: 16, stencil: 0, acc: 0000, samples: 3/1
display  D   display_settings.c:398  _al_score_display_settings       [   0.08165] Single Buffer requirement not met.
display  D   display_settings.c:212  debug_display_settings           [   0.08165] color: 16 (rgba 5650), depth: 16, stencil: 0, acc: 0000, samples: 4/1
display  D   display_settings.c:398  _al_score_display_settings       [   0.08166] Single Buffer requirement not met.
display  D   display_settings.c:212  debug_display_settings           [   0.08167] color: 32 (rgba 8880), depth: 0, stencil: 0, acc: 0000, samples: 0/0
display  D   display_settings.c:527  _al_score_display_settings       [   0.08167] Score is : 769
display  D   display_settings.c:212  debug_display_settings           [   0.08168] color: 32 (rgba 8880), depth: 0, stencil: 0, acc: 0000, samples: 0/0
display  D   display_settings.c:527  _al_score_display_settings       [   0.08169] Score is : 769
display  D   display_settings.c:212  debug_display_settings           [   0.08169] color: 32 (rgba 8880), depth: 0, stencil: 0, acc: 0000, samples: 2/1
display  D   display_settings.c:527  _al_score_display_settings       [   0.08170] Score is : 598
display  D   display_settings.c:212  debug_display_settings           [   0.08170] color: 32 (rgba 8880), depth: 0, stencil: 0, acc: 0000, samples: 3/1
display  D   display_settings.c:527  _al_score_display_settings       [   0.08171] Score is : 593
display  D   display_settings.c:212  debug_display_settings           [   0.08172] color: 32 (rgba 8880), depth: 0, stencil: 0, acc: 0000, samples: 4/1
display  D   display_settings.c:527  _al_score_display_settings       [   0.08172] Score is : 589
display  D   display_settings.c:212  debug_display_settings           [   0.08173] color: 32 (rgba 8880), depth: 24, stencil: 8, acc: 0000, samples: 0/0
display  D   display_settings.c:527  _al_score_display_settings       [   0.08174] Score is : 769
display  D   display_settings.c:212  debug_display_settings           [   0.08175] color: 32 (rgba 8880), depth: 24, stencil: 8, acc: 0000, samples: 0/0
display  D   display_settings.c:527  _al_score_display_settings       [   0.08176] Score is : 769
display  D   display_settings.c:212  debug_display_settings           [   0.08176] color: 32 (rgba 8880), depth: 24, stencil: 8, acc: 0000, samples: 2/1
display  D   display_settings.c:527  _al_score_display_settings       [   0.08177] Score is : 598
display  D   display_settings.c:212  debug_display_settings           [   0.08177] color: 32 (rgba 8880), depth: 24, stencil: 8, acc: 0000, samples: 3/1
display  D   display_settings.c:527  _al_score_display_settings       [   0.08178] Score is : 593
display  D   display_settings.c:212  debug_display_settings           [   0.08179] color: 32 (rgba 8880), depth: 24, stencil: 8, acc: 0000, samples: 4/1
display  D   display_settings.c:527  _al_score_display_settings       [   0.08179] Score is : 589
display  D   display_settings.c:212  debug_display_settings           [   0.08180] color: 32 (rgba 8880), depth: 24, stencil: 0, acc: 0000, samples: 0/0
display  D   display_settings.c:527  _al_score_display_settings       [   0.08181] Score is : 769
display  D   display_settings.c:212  debug_display_settings           [   0.08181] color: 32 (rgba 8880), depth: 24, stencil: 0, acc: 0000, samples: 0/0
display  D   display_settings.c:527  _al_score_display_settings       [   0.08182] Score is : 769
display  D   display_settings.c:212  debug_display_settings           [   0.08182] color: 32 (rgba 8880), depth: 24, stencil: 0, acc: 0000, samples: 2/1
display  D   display_settings.c:527  _al_score_display_settings       [   0.08183] Score is : 598
display  D   display_settings.c:212  debug_display_settings           [   0.08184] color: 32 (rgba 8880), depth: 24, stencil: 0, acc: 0000, samples: 3/1
display  D   display_settings.c:527  _al_score_display_settings       [   0.08184] Score is : 593
display  D   display_settings.c:212  debug_display_settings           [   0.08185] color: 32 (rgba 8880), depth: 24, stencil: 0, acc: 0000, samples: 4/1
display  D   display_settings.c:527  _al_score_display_settings       [   0.08186] Score is : 589
display  D   display_settings.c:212  debug_display_settings           [   0.08186] color: 32 (rgba 8880), depth: 16, stencil: 0, acc: 0000, samples: 0/0
display  D   display_settings.c:527  _al_score_display_settings       [   0.08187] Score is : 769
display  D   display_settings.c:212  debug_display_settings           [   0.08187] color: 32 (rgba 8880), depth: 16, stencil: 0, acc: 0000, samples: 0/0
display  D   display_settings.c:527  _al_score_display_settings       [   0.08188] Score is : 769
display  D   display_settings.c:212  debug_display_settings           [   0.08189] color: 32 (rgba 8880), depth: 16, stencil: 0, acc: 0000, samples: 2/1
display  D   display_settings.c:527  _al_score_display_settings       [   0.08189] Score is : 598
display  D   display_settings.c:212  debug_display_settings           [   0.08190] color: 32 (rgba 8880), depth: 16, stencil: 0, acc: 0000, samples: 3/1
display  D   display_settings.c:527  _al_score_display_settings       [   0.08191] Score is : 593
display  D   display_settings.c:212  debug_display_settings           [   0.08191] color: 32 (rgba 8880), depth: 16, stencil: 0, acc: 0000, samples: 4/1
display  D   display_settings.c:527  _al_score_display_settings       [   0.08192] Score is : 589
display  D   display_settings.c:212  debug_display_settings           [   0.08193] color: 16 (rgba 5650), depth: 0, stencil: 0, acc: 0000, samples: 0/0
display  D   display_settings.c:527  _al_score_display_settings       [   0.08193] Score is : 769
display  D   display_settings.c:212  debug_display_settings           [   0.08194] color: 16 (rgba 5650), depth: 0, stencil: 0, acc: 0000, samples: 0/0
display  D   display_settings.c:527  _al_score_display_settings       [   0.08194] Score is : 769
display  D   display_settings.c:212  debug_display_settings           [   0.08195] color: 16 (rgba 5650), depth: 0, stencil: 0, acc: 0000, samples: 2/1
display  D   display_settings.c:527  _al_score_display_settings       [   0.08196] Score is : 598
display  D   display_settings.c:212  debug_display_settings           [   0.08196] color: 16 (rgba 5650), depth: 0, stencil: 0, acc: 0000, samples: 3/1
display  D   display_settings.c:527  _al_score_display_settings       [   0.08197] Score is : 593
display  D   display_settings.c:212  debug_display_settings           [   0.08198] color: 16 (rgba 5650), depth: 0, stencil: 0, acc: 0000, samples: 4/1
display  D   display_settings.c:527  _al_score_display_settings       [   0.08198] Score is : 589
display  D   display_settings.c:212  debug_display_settings           [   0.08199] color: 16 (rgba 5650), depth: 24, stencil: 8, acc: 0000, samples: 0/0
display  D   display_settings.c:527  _al_score_display_settings       [   0.08200] Score is : 769
display  D   display_settings.c:212  debug_display_settings           [   0.08200] color: 16 (rgba 5650), depth: 24, stencil: 8, acc: 0000, samples: 0/0
display  D   display_settings.c:527  _al_score_display_settings       [   0.08201] Score is : 769
display  D   display_settings.c:212  debug_display_settings           [   0.08201] color: 16 (rgba 5650), depth: 24, stencil: 8, acc: 0000, samples: 2/1
display  D   display_settings.c:527  _al_score_display_settings       [   0.08202] Score is : 598
display  D   display_settings.c:212  debug_display_settings           [   0.08203] color: 16 (rgba 5650), depth: 24, stencil: 8, acc: 0000, samples: 3/1
display  D   display_settings.c:527  _al_score_display_settings       [   0.08203] Score is : 593
display  D   display_settings.c:212  debug_display_settings           [   0.08204] color: 16 (rgba 5650), depth: 24, stencil: 8, acc: 0000, samples: 4/1
display  D   display_settings.c:527  _al_score_display_settings       [   0.08205] Score is : 589
display  D   display_settings.c:212  debug_display_settings           [   0.08205] color: 16 (rgba 5650), depth: 24, stencil: 0, acc: 0000, samples: 0/0
display  D   display_settings.c:527  _al_score_display_settings       [   0.08206] Score is : 769
display  D   display_settings.c:212  debug_display_settings           [   0.08207] color: 16 (rgba 5650), depth: 24, stencil: 0, acc: 0000, samples: 0/0
display  D   display_settings.c:527  _al_score_display_settings       [   0.08207] Score is : 769
display  D   display_settings.c:212  debug_display_settings           [   0.08208] color: 16 (rgba 5650), depth: 24, stencil: 0, acc: 0000, samples: 2/1
display  D   display_settings.c:527  _al_score_display_settings       [   0.08208] Score is : 598
display  D   display_settings.c:212  debug_display_settings           [   0.08209] color: 16 (rgba 5650), depth: 24, stencil: 0, acc: 0000, samples: 3/1
display  D   display_settings.c:527  _al_score_display_settings       [   0.08210] Score is : 593
display  D   display_settings.c:212  debug_display_settings           [   0.08210] color: 16 (rgba 5650), depth: 24, stencil: 0, acc: 0000, samples: 4/1
display  D   display_settings.c:527  _al_score_display_settings       [   0.08211] Score is : 589
display  D   display_settings.c:212  debug_display_settings           [   0.08212] color: 16 (rgba 5650), depth: 16, stencil: 0, acc: 0000, samples: 0/0
display  D   display_settings.c:527  _al_score_display_settings       [   0.08212] Score is : 769
display  D   display_settings.c:212  debug_display_settings           [   0.08213] color: 16 (rgba 5650), depth: 16, stencil: 0, acc: 0000, samples: 0/0
display  D   display_settings.c:527  _al_score_display_settings       [   0.08213] Score is : 769
display  D   display_settings.c:212  debug_display_settings           [   0.08214] color: 16 (rgba 5650), depth: 16, stencil: 0, acc: 0000, samples: 2/1
display  D   display_settings.c:527  _al_score_display_settings       [   0.08215] Score is : 598
display  D   display_settings.c:212  debug_display_settings           [   0.08215] color: 16 (rgba 5650), depth: 16, stencil: 0, acc: 0000, samples: 3/1
display  D   display_settings.c:527  _al_score_display_settings       [   0.08216] Score is : 593
display  D   display_settings.c:212  debug_display_settings           [   0.08217] color: 16 (rgba 5650), depth: 16, stencil: 0, acc: 0000, samples: 4/1
display  D   display_settings.c:527  _al_score_display_settings       [   0.08217] Score is : 589
display  D   display_settings.c:212  debug_display_settings           [   0.08218] color: 32 (rgba 8880), depth: 0, stencil: 0, acc: 0000, samples: 0/0
display  D   display_settings.c:398  _al_score_display_settings       [   0.08219] Single Buffer requirement not met.
display  D   display_settings.c:212  debug_display_settings           [   0.08219] color: 32 (rgba 8880), depth: 0, stencil: 0, acc: 0000, samples: 0/0
display  D   display_settings.c:398  _al_score_display_settings       [   0.08220] Single Buffer requirement not met.
display  D   display_settings.c:212  debug_display_settings           [   0.08221] color: 32 (rgba 8880), depth: 0, stencil: 0, acc: 0000, samples: 2/1
display  D   display_settings.c:398  _al_score_display_settings       [   0.08221] Single Buffer requirement not met.
display  D   display_settings.c:212  debug_display_settings           [   0.08222] color: 32 (rgba 8880), depth: 0, stencil: 0, acc: 0000, samples: 3/1
display  D   display_settings.c:398  _al_score_display_settings       [   0.08222] Single Buffer requirement not met.
display  D   display_settings.c:212  debug_display_settings           [   0.08223] color: 32 (rgba 8880), depth: 0, stencil: 0, acc: 0000, samples: 4/1
display  D   display_settings.c:398  _al_score_display_settings       [   0.08224] Single Buffer requirement not met.
display  D   display_settings.c:212  debug_display_settings           [   0.08224] color: 32 (rgba 8880), depth: 24, stencil: 8, acc: 0000, samples: 0/0
display  D   display_settings.c:398  _al_score_display_settings       [   0.08225] Single Buffer requirement not met.
display  D   display_settings.c:212  debug_display_settings           [   0.08226] color: 32 (rgba 8880), depth: 24, stencil: 8, acc: 0000, samples: 0/0
display  D   display_settings.c:398  _al_score_display_settings       [   0.08226] Single Buffer requirement not met.
display  D   display_settings.c:212  debug_display_settings           [   0.08227] color: 32 (rgba 8880), depth: 24, stencil: 8, acc: 0000, samples: 2/1
display  D   display_settings.c:398  _al_score_display_settings       [   0.08228] Single Buffer requirement not met.
display  D   display_settings.c:212  debug_display_settings           [   0.08228] color: 32 (rgba 8880), depth: 24, stencil: 8, acc: 0000, samples: 3/1
display  D   display_settings.c:398  _al_score_display_settings       [   0.08229] Single Buffer requirement not met.
display  D   display_settings.c:212  debug_display_settings           [   0.08229] color: 32 (rgba 8880), depth: 24, stencil: 8, acc: 0000, samples: 4/1
display  D   display_settings.c:398  _al_score_display_settings       [   0.08230] Single Buffer requirement not met.
display  D   display_settings.c:212  debug_display_settings           [   0.08231] color: 32 (rgba 8880), depth: 24, stencil: 0, acc: 0000, samples: 0/0
display  D   display_settings.c:398  _al_score_display_settings       [   0.08231] Single Buffer requirement not met.
display  D   display_settings.c:212  debug_display_settings           [   0.08232] color: 32 (rgba 8880), depth: 24, stencil: 0, acc: 0000, samples: 0/0
display  D   display_settings.c:398  _al_score_display_settings       [   0.08233] Single Buffer requirement not met.
display  D   display_settings.c:212  debug_display_settings           [   0.08233] color: 32 (rgba 8880), depth: 24, stencil: 0, acc: 0000, samples: 2/1
display  D   display_settings.c:398  _al_score_display_settings       [   0.08234] Single Buffer requirement not met.
display  D   display_settings.c:212  debug_display_settings           [   0.08235] color: 32 (rgba 8880), depth: 24, stencil: 0, acc: 0000, samples: 3/1
display  D   display_settings.c:398  _al_score_display_settings       [   0.08235] Single Buffer requirement not met.
display  D   display_settings.c:212  debug_display_settings           [   0.08236] color: 32 (rgba 8880), depth: 24, stencil: 0, acc: 0000, samples: 4/1
display  D   display_settings.c:398  _al_score_display_settings       [   0.08237] Single Buffer requirement not met.
display  D   display_settings.c:212  debug_display_settings           [   0.08237] color: 32 (rgba 8880), depth: 16, stencil: 0, acc: 0000, samples: 0/0
display  D   display_settings.c:398  _al_score_display_settings       [   0.08238] Single Buffer requirement not met.
display  D   display_settings.c:212  debug_display_settings           [   0.08238] color: 32 (rgba 8880), depth: 16, stencil: 0, acc: 0000, samples: 0/0
display  D   display_settings.c:398  _al_score_display_settings       [   0.08239] Single Buffer requirement not met.
display  D   display_settings.c:212  debug_display_settings           [   0.08240] color: 32 (rgba 8880), depth: 16, stencil: 0, acc: 0000, samples: 2/1
display  D   display_settings.c:398  _al_score_display_settings       [   0.08240] Single Buffer requirement not met.
display  D   display_settings.c:212  debug_display_settings           [   0.08241] color: 32 (rgba 8880), depth: 16, stencil: 0, acc: 0000, samples: 3/1
display  D   display_settings.c:398  _al_score_display_settings       [   0.08242] Single Buffer requirement not met.
display  D   display_settings.c:212  debug_display_settings           [   0.08242] color: 32 (rgba 8880), depth: 16, stencil: 0, acc: 0000, samples: 4/1
display  D   display_settings.c:398  _al_score_display_settings       [   0.08243] Single Buffer requirement not met.
display  D   display_settings.c:212  debug_display_settings           [   0.08244] color: 16 (rgba 5650), depth: 0, stencil: 0, acc: 0000, samples: 0/0
display  D   display_settings.c:398  _al_score_display_settings       [   0.08244] Single Buffer requirement not met.
display  D   display_settings.c:212  debug_display_settings           [   0.08245] color: 16 (rgba 5650), depth: 0, stencil: 0, acc: 0000, samples: 0/0
display  D   display_settings.c:398  _al_score_display_settings       [   0.08246] Single Buffer requirement not met.
display  D   display_settings.c:212  debug_display_settings           [   0.08246] color: 16 (rgba 5650), depth: 0, stencil: 0, acc: 0000, samples: 2/1
display  D   display_settings.c:398  _al_score_display_settings       [   0.08247] Single Buffer requirement not met.
display  D   display_settings.c:212  debug_display_settings           [   0.08247] color: 16 (rgba 5650), depth: 0, stencil: 0, acc: 0000, samples: 3/1
display  D   display_settings.c:398  _al_score_display_settings       [   0.08248] Single Buffer requirement not met.
display  D   display_settings.c:212  debug_display_settings           [   0.08249] color: 16 (rgba 5650), depth: 0, stencil: 0, acc: 0000, samples: 4/1
display  D   display_settings.c:398  _al_score_display_settings       [   0.08249] Single Buffer requirement not met.
display  D   display_settings.c:212  debug_display_settings           [   0.08250] color: 16 (rgba 5650), depth: 24, stencil: 8, acc: 0000, samples: 0/0
display  D   display_settings.c:398  _al_score_display_settings       [   0.08251] Single Buffer requirement not met.
display  D   display_settings.c:212  debug_display_settings           [   0.08251] color: 16 (rgba 5650), depth: 24, stencil: 8, acc: 0000, samples: 0/0
display  D   display_settings.c:398  _al_score_display_settings       [   0.08252] Single Buffer requirement not met.
display  D   display_settings.c:212  debug_display_settings           [   0.08253] color: 16 (rgba 5650), depth: 24, stencil: 8, acc: 0000, samples: 2/1
display  D   display_settings.c:398  _al_score_display_settings       [   0.08253] Single Buffer requirement not met.
display  D   display_settings.c:212  debug_display_settings           [   0.08254] color: 16 (rgba 5650), depth: 24, stencil: 8, acc: 0000, samples: 3/1
display  D   display_settings.c:398  _al_score_display_settings       [   0.08254] Single Buffer requirement not met.
display  D   display_settings.c:212  debug_display_settings           [   0.08255] color: 16 (rgba 5650), depth: 24, stencil: 8, acc: 0000, samples: 4/1
display  D   display_settings.c:398  _al_score_display_settings       [   0.08256] Single Buffer requirement not met.
display  D   display_settings.c:212  debug_display_settings           [   0.08256] color: 16 (rgba 5650), depth: 24, stencil: 0, acc: 0000, samples: 0/0
display  D   display_settings.c:398  _al_score_display_settings       [   0.08257] Single Buffer requirement not met.
display  D   display_settings.c:212  debug_display_settings           [   0.08258] color: 16 (rgba 5650), depth: 24, stencil: 0, acc: 0000, samples: 0/0
display  D   display_settings.c:398  _al_score_display_settings       [   0.08258] Single Buffer requirement not met.
display  D   display_settings.c:212  debug_display_settings           [   0.08259] color: 16 (rgba 5650), depth: 24, stencil: 0, acc: 0000, samples: 2/1
display  D   display_settings.c:398  _al_score_display_settings       [   0.08259] Single Buffer requirement not met.
display  D   display_settings.c:212  debug_display_settings           [   0.08260] color: 16 (rgba 5650), depth: 24, stencil: 0, acc: 0000, samples: 3/1
display  D   display_settings.c:398  _al_score_display_settings       [   0.08261] Single Buffer requirement not met.
display  D   display_settings.c:212  debug_display_settings           [   0.08261] color: 16 (rgba 5650), depth: 24, stencil: 0, acc: 0000, samples: 4/1
display  D   display_settings.c:398  _al_score_display_settings       [   0.08262] Single Buffer requirement not met.
display  D   display_settings.c:212  debug_display_settings           [   0.08262] color: 16 (rgba 5650), depth: 16, stencil: 0, acc: 0000, samples: 0/0
display  D   display_settings.c:398  _al_score_display_settings       [   0.08263] Single Buffer requirement not met.
display  D   display_settings.c:212  debug_display_settings           [   0.08264] color: 16 (rgba 5650), depth: 16, stencil: 0, acc: 0000, samples: 0/0
display  D   display_settings.c:398  _al_score_display_settings       [   0.08264] Single Buffer requirement not met.
display  D   display_settings.c:212  debug_display_settings           [   0.08265] color: 16 (rgba 5650), depth: 16, stencil: 0, acc: 0000, samples: 2/1
display  D   display_settings.c:398  _al_score_display_settings       [   0.08265] Single Buffer requirement not met.
display  D   display_settings.c:212  debug_display_settings           [   0.08266] color: 16 (rgba 5650), depth: 16, stencil: 0, acc: 0000, samples: 3/1
display  D   display_settings.c:398  _al_score_display_settings       [   0.08267] Single Buffer requirement not met.
display  D   display_settings.c:212  debug_display_settings           [   0.08267] color: 16 (rgba 5650), depth: 16, stencil: 0, acc: 0000, samples: 4/1
display  D   display_settings.c:398  _al_score_display_settings       [   0.08268] Single Buffer requirement not met.
d3d      D         d3d_disp.cpp:1682 d3d_create_display_internals     [   0.08269] Trying format 0.
d3d      I         d3d_disp.cpp:1358 d3d_display_thread_proc          [   0.08295] Chose a display format: 23
d3d      I         d3d_disp.cpp:1427 d3d_display_thread_proc          [   0.08297] Normal window.
d3d      I         d3d_disp.cpp:791  d3d_create_device                [   0.15213] Using no depth stencil buffer
d3d      D         d3d_disp.cpp:853  d3d_create_device                [   0.16801] BeginScene succeeded in create_device
d3d      D         d3d_disp.cpp:861  d3d_create_device                [   0.16805] Success
d3d      D         d3d_disp.cpp:1705 d3d_create_display_internals     [   0.16807] Resumed after wait.
d3d      I         d3d_disp.cpp:1738 d3d_create_display_internals     [   0.16811] Format 0 succeeded.
d3d      D         d3d_disp.cpp:1769 d3d_create_display_internals     [   0.16812] Returning d3d_display: 0000000002df7d60
d3d      D         d3d_disp.cpp:1794 d3d_create_display_locked        [   0.16814] al_display=0000000002df7d60
d3d      D         d3d_disp.cpp:1795 d3d_create_display_locked        [   0.16814] al_display->vt=0000000000cfee00
system   D            wsystem.c:874  _al_win_safe_load_library        [   0.16832] PathFindOnPath found: C:\WINDOWS\system32\d3dx9_43.dll
system   D            wsystem.c:780  load_library_at_path             [   0.16833] Calling LoadLibrary C:\WINDOWS\system32\d3dx9_43.dll
system   I            wsystem.c:783  load_library_at_path             [   0.16861] Loaded C:\WINDOWS\system32\d3dx9_43.dll
d3dx9    I        d3d_d3dx9.cpp:88   _imp_load_d3dx9_module_version   [   0.16862] Module "d3dx9_43.dll" loaded.
dtor     D               dtor.c:196  _al_register_destructor          [   0.16864] added dtor for timer 0000000002eb4250, func 00007ff97e96fb3b
dtor     D               dtor.c:196  _al_register_destructor          [   0.16865] added dtor for queue 0000000002e019c0, func 00007ff97e95c5dc
stdio    D         file_stdio.c:110  file_stdio_fopen                 [   0.16920] opening ./assets/image/game_icon.png rb
stdio    D         file_stdio.c:110  file_stdio_fopen                 [   0.16931] opening ./assets/image/game_icon.png rb
d3d      D         d3d_disp.cpp:1202 real_choose_bitmap_format        [   0.16942] Fake format
d3d      D         d3d_disp.cpp:1202 real_choose_bitmap_format        [   0.16943] Fake format
d3d      D         d3d_disp.cpp:1202 real_choose_bitmap_format        [   0.16944] Fake format
d3d      D         d3d_disp.cpp:1202 real_choose_bitmap_format        [   0.16944] Fake format
d3d      D         d3d_disp.cpp:1202 real_choose_bitmap_format        [   0.16945] Fake format
d3d      D         d3d_disp.cpp:1202 real_choose_bitmap_format        [   0.16947] Fake format
d3d      D         d3d_disp.cpp:1202 real_choose_bitmap_format        [   0.16947] Fake format
d3d      D         d3d_disp.cpp:1202 real_choose_bitmap_format        [   0.16948] Fake format
d3d      D         d3d_disp.cpp:1202 real_choose_bitmap_format        [   0.16948] Fake format
d3d      D         d3d_disp.cpp:1210 real_choose_bitmap_format        [   0.16949] Alpha doesn't match
d3d      D         d3d_disp.cpp:1217 real_choose_bitmap_format        [   0.16950] Adapter format is 23
d3d      D         d3d_disp.cpp:1220 real_choose_bitmap_format        [   0.16950] Found a format
d3d      I         d3d_disp.cpp:2391 d3d_create_bitmap                [   0.16951] Chose bitmap format 9
dtor     D               dtor.c:196  _al_register_destructor          [   0.16965] added dtor for bitmap 0000000002ebbe60, func 00007ff97e931bea
d3d      D         d3d_disp.cpp:1202 real_choose_bitmap_format        [   0.17246] Fake format
d3d      D         d3d_disp.cpp:1202 real_choose_bitmap_format        [   0.17247] Fake format
d3d      D         d3d_disp.cpp:1202 real_choose_bitmap_format        [   0.17248] Fake format
d3d      D         d3d_disp.cpp:1202 real_choose_bitmap_format        [   0.17249] Fake format
d3d      D         d3d_disp.cpp:1202 real_choose_bitmap_format        [   0.17249] Fake format
d3d      D         d3d_disp.cpp:1202 real_choose_bitmap_format        [   0.17250] Fake format
d3d      D         d3d_disp.cpp:1202 real_choose_bitmap_format        [   0.17250] Fake format
d3d      D         d3d_disp.cpp:1202 real_choose_bitmap_format        [   0.17251] Fake format
d3d      D         d3d_disp.cpp:1202 real_choose_bitmap_format        [   0.17251] Fake format
d3d      D         d3d_disp.cpp:1210 real_choose_bitmap_format        [   0.17252] Alpha doesn't match
d3d      D         d3d_disp.cpp:1217 real_choose_bitmap_format        [   0.17253] Adapter format is 23
d3d      D         d3d_disp.cpp:1220 real_choose_bitmap_format        [   0.17253] Found a format
d3d      I         d3d_disp.cpp:2391 d3d_create_bitmap                [   0.17254] Chose bitmap format 9
dtor     D               dtor.c:196  _al_register_destructor          [   0.17268] added dtor for bitmap 0000000002eb7f40, func 00007ff97e931bea
d3d      D          d3d_bmp.cpp:539  _al_d3d_sync_bitmap              [   0.17409] _al_d3d_sync_bitmap (system) ref count == 1
d3d      D          d3d_bmp.cpp:545  _al_d3d_sync_bitmap              [   0.17411] _al_d3d_sync_bitmap (video) ref count == 1
dtor     D               dtor.c:227  _al_unregister_destructor        [   0.17558] removed dtor for bitmap 0000000002eb7f40
d3d      D         d3d_disp.cpp:1202 real_choose_bitmap_format        [   0.17618] Fake format
d3d      D         d3d_disp.cpp:1202 real_choose_bitmap_format        [   0.17619] Fake format
d3d      D         d3d_disp.cpp:1202 real_choose_bitmap_format        [   0.17620] Fake format
d3d      D         d3d_disp.cpp:1202 real_choose_bitmap_format        [   0.17620] Fake format
d3d      D         d3d_disp.cpp:1202 real_choose_bitmap_format        [   0.17621] Fake format
d3d      D         d3d_disp.cpp:1202 real_choose_bitmap_format        [   0.17621] Fake format
d3d      D         d3d_disp.cpp:1202 real_choose_bitmap_format        [   0.17622] Fake format
d3d      D         d3d_disp.cpp:1202 real_choose_bitmap_format        [   0.17622] Fake format
d3d      D         d3d_disp.cpp:1202 real_choose_bitmap_format        [   0.17623] Fake format
d3d      D         d3d_disp.cpp:1210 real_choose_bitmap_format        [   0.17624] Alpha doesn't match
d3d      D         d3d_disp.cpp:1217 real_choose_bitmap_format        [   0.17624] Adapter format is 23
d3d      D         d3d_disp.cpp:1220 real_choose_bitmap_format        [   0.17625] Found a format
d3d      I         d3d_disp.cpp:2391 d3d_create_bitmap                [   0.17626] Chose bitmap format 9
dtor     D               dtor.c:196  _al_register_destructor          [   0.17633] added dtor for bitmap 0000000002eb7f40, func 00007ff97e931bea
d3d      D          d3d_bmp.cpp:539  _al_d3d_sync_bitmap              [   0.17822] _al_d3d_sync_bitmap (system) ref count == 1
d3d      D          d3d_bmp.cpp:545  _al_d3d_sync_bitmap              [   0.17824] _al_d3d_sync_bitmap (video) ref count == 1
dtor     D               dtor.c:227  _al_unregister_destructor        [   0.17927] removed dtor for bitmap 0000000002eb7f40
audio-dsound D           dsound.cpp:311  _dsound_allocate_voice           [   0.17986] Allocating voice
audio-dsound D           dsound.cpp:370  _dsound_allocate_voice           [   0.17988] Allocated voice
dtor     D               dtor.c:196  _al_register_destructor          [   0.17989] added dtor for voice 0000000002eb2ee0, func 00007ff97ea65024
dtor     D               dtor.c:196  _al_register_destructor          [   0.17990] added dtor for mixer 0000000002eb8f50, func 00007ff97ea604dc
audio-dsound D           dsound.cpp:466  _dsound_start_voice              [   0.17991] Starting voice
audio-dsound D           dsound.cpp:494  _dsound_start_voice              [   0.17992] CreateSoundBuffer
audio-dsound D           dsound.cpp:502  _dsound_start_voice              [   0.18131] CreateSoundBuffer succeeded
audio-dsound D           dsound.cpp:508  _dsound_start_voice              [   0.18134] Starting _dsound_update thread
audio-dsound I           dsound.cpp:518  _dsound_start_voice              [   0.18139] Voice started
dtor     D               dtor.c:196  _al_register_destructor          [   0.18140] added dtor for sample_instance 0000000002eb9480, func 00007ff97ea5929b
audio    D          kcm_mixer.c:121  _al_rechannel_matrix             [   0.18141] sample matrix:
audio    D          kcm_mixer.c:127  _al_rechannel_matrix             [   0.18142] 
audio    D          kcm_mixer.c:127  _al_rechannel_matrix             [   0.18143] 
dtor     D               dtor.c:196  _al_register_destructor          [   0.18143] added dtor for sample_instance 0000000002eb95a0, func 00007ff97ea5929b
audio    D          kcm_mixer.c:121  _al_rechannel_matrix             [   0.18144] sample matrix:
audio    D          kcm_mixer.c:127  _al_rechannel_matrix             [   0.18145] 
audio    D          kcm_mixer.c:127  _al_rechannel_matrix             [   0.18145] 
dtor     D               dtor.c:196  _al_register_destructor          [   0.18146] added dtor for sample_instance 0000000002eb99b0, func 00007ff97ea5929b
audio    D          kcm_mixer.c:121  _al_rechannel_matrix             [   0.18147] sample matrix:
audio    D          kcm_mixer.c:127  _al_rechannel_matrix             [   0.18148] 
audio    D          kcm_mixer.c:127  _al_rechannel_matrix             [   0.18148] 
dtor     D               dtor.c:196  _al_register_destructor          [   0.18149] added dtor for sample_instance 0000000002eb9ad0, func 00007ff97ea5929b
audio    D          kcm_mixer.c:121  _al_rechannel_matrix             [   0.18150] sample matrix:
audio    D          kcm_mixer.c:127  _al_rechannel_matrix             [   0.18150] 
audio    D          kcm_mixer.c:127  _al_rechannel_matrix             [   0.18151] 
dtor     D               dtor.c:196  _al_register_destructor          [   0.18152] added dtor for sample_instance 0000000002eb9bf0, func 00007ff97ea5929b
audio    D          kcm_mixer.c:121  _al_rechannel_matrix             [   0.18153] sample matrix:
audio    D          kcm_mixer.c:127  _al_rechannel_matrix             [   0.18153] 
audio    D          kcm_mixer.c:127  _al_rechannel_matrix             [   0.18154] 
dtor     D               dtor.c:196  _al_register_destructor          [   0.18155] added dtor for sample_instance 0000000002eb9e50, func 00007ff97ea5929b
audio    D          kcm_mixer.c:121  _al_rechannel_matrix             [   0.18155] sample matrix:
audio    D          kcm_mixer.c:127  _al_rechannel_matrix             [   0.18156] 
audio    D          kcm_mixer.c:127  _al_rechannel_matrix             [   0.18157] 
dtor     D               dtor.c:196  _al_register_destructor          [   0.18157] added dtor for sample_instance 0000000002eb9190, func 00007ff97ea5929b
audio    D          kcm_mixer.c:121  _al_rechannel_matrix             [   0.18162] sample matrix:
audio    D          kcm_mixer.c:127  _al_rechannel_matrix             [   0.18164] 
audio    D          kcm_mixer.c:127  _al_rechannel_matrix             [   0.18165] 
dtor     D               dtor.c:196  _al_register_destructor          [   0.18166] added dtor for sample_instance 0000000002eb92b0, func 00007ff97ea5929b
audio    D          kcm_mixer.c:121  _al_rechannel_matrix             [   0.18167] sample matrix:
audio    D          kcm_mixer.c:127  _al_rechannel_matrix             [   0.18168] 
audio    D          kcm_mixer.c:127  _al_rechannel_matrix             [   0.18168] 
dtor     D               dtor.c:196  _al_register_destructor          [   0.18169] added dtor for sample_instance 0000000002eba080, func 00007ff97ea5929b
audio    D          kcm_mixer.c:121  _al_rechannel_matrix             [   0.18170] sample matrix:
audio    D          kcm_mixer.c:127  _al_rechannel_matrix             [   0.18170] 
audio    D          kcm_mixer.c:127  _al_rechannel_matrix             [   0.18171] 
dtor     D               dtor.c:196  _al_register_destructor          [   0.18172] added dtor for sample_instance 0000000002eba1a0, func 00007ff97ea5929b
audio    D          kcm_mixer.c:121  _al_rechannel_matrix             [   0.18172] sample matrix:
audio    D          kcm_mixer.c:127  _al_rechannel_matrix             [   0.18173] 
audio    D          kcm_mixer.c:127  _al_rechannel_matrix             [   0.18174] 
dtor     D               dtor.c:196  _al_register_destructor          [   0.18174] added dtor for sample_instance 0000000002eba2c0, func 00007ff97ea5929b
audio    D          kcm_mixer.c:121  _al_rechannel_matrix             [   0.18175] sample matrix:
audio    D          kcm_mixer.c:127  _al_rechannel_matrix             [   0.18175] 
audio    D          kcm_mixer.c:127  _al_rechannel_matrix             [   0.18176] 
dtor     D               dtor.c:196  _al_register_destructor          [   0.18177] added dtor for sample_instance 0000000002eba3e0, func 00007ff97ea5929b
audio    D          kcm_mixer.c:121  _al_rechannel_matrix             [   0.18177] sample matrix:
audio    D          kcm_mixer.c:127  _al_rechannel_matrix             [   0.18178] 
audio    D          kcm_mixer.c:127  _al_rechannel_matrix             [   0.18179] 
dtor     D               dtor.c:196  _al_register_destructor          [   0.18179] added dtor for sample_instance 0000000002eba500, func 00007ff97ea5929b
audio    D          kcm_mixer.c:121  _al_rechannel_matrix             [   0.18180] sample matrix:
audio    D          kcm_mixer.c:127  _al_rechannel_matrix             [   0.18181] 
audio    D          kcm_mixer.c:127  _al_rechannel_matrix             [   0.18181] 
dtor     D               dtor.c:196  _al_register_destructor          [   0.18182] added dtor for sample_instance 0000000002eba670, func 00007ff97ea5929b
audio    D          kcm_mixer.c:121  _al_rechannel_matrix             [   0.18183] sample matrix:
audio    D          kcm_mixer.c:127  _al_rechannel_matrix             [   0.18183] 
audio    D          kcm_mixer.c:127  _al_rechannel_matrix             [   0.18184] 
dtor     D               dtor.c:196  _al_register_destructor          [   0.18185] added dtor for sample_instance 0000000002ebae50, func 00007ff97ea5929b
audio    D          kcm_mixer.c:121  _al_rechannel_matrix             [   0.18185] sample matrix:
audio    D          kcm_mixer.c:127  _al_rechannel_matrix             [   0.18186] 
audio    D          kcm_mixer.c:127  _al_rechannel_matrix             [   0.18186] 
dtor     D               dtor.c:196  _al_register_destructor          [   0.18187] added dtor for sample_instance 0000000002ebaf70, func 00007ff97ea5929b
audio    D          kcm_mixer.c:121  _al_rechannel_matrix             [   0.18188] sample matrix:
audio    D          kcm_mixer.c:127  _al_rechannel_matrix             [   0.18188] 
audio    D          kcm_mixer.c:127  _al_rechannel_matrix             [   0.18189] 
stdio    D         file_stdio.c:110  file_stdio_fopen                 [   0.18190] opening ./assets/font/Caviar_Dreams_Bold.ttf rb
font     D                ttf.c:943  al_load_ttf_font_stretch_f       [   0.18204] Font ./assets/font/Caviar_Dreams_Bold.ttf loaded with pixel size 0 x 12.
font     D                ttf.c:945  al_load_ttf_font_stretch_f       [   0.18205]     ascent=12.0, descent=-4.0, height=15.0
dtor     D               dtor.c:196  _al_register_destructor          [   0.18206] added dtor for ttf_font 0000000002eb5ec0, func 00007ff97ea54c05
stdio    D         file_stdio.c:110  file_stdio_fopen                 [   0.18207] opening ./assets/font/courbd.ttf rb
font     D                ttf.c:943  al_load_ttf_font_stretch_f       [   0.18216] Font ./assets/font/courbd.ttf loaded with pixel size 0 x 12.
font     D                ttf.c:945  al_load_ttf_font_stretch_f       [   0.18217]     ascent=10.0, descent=-4.0, height=14.0
dtor     D               dtor.c:196  _al_register_destructor          [   0.18218] added dtor for ttf_font 0000000002eb5c50, func 00007ff97ea54c05
stdio    D         file_stdio.c:110  file_stdio_fopen                 [   0.18218] opening ./assets/font/Caviar_Dreams_Bold.ttf rb
font     D                ttf.c:943  al_load_ttf_font_stretch_f       [   0.18224] Font ./assets/font/Caviar_Dreams_Bold.ttf loaded with pixel size 0 x 24.
font     D                ttf.c:945  al_load_ttf_font_stretch_f       [   0.18225]     ascent=24.0, descent=-7.0, height=30.0
dtor     D               dtor.c:196  _al_register_destructor          [   0.18226] added dtor for ttf_font 0000000002eb5dd0, func 00007ff97ea54c05
stdio    D         file_stdio.c:110  file_stdio_fopen                 [   0.18226] opening ./assets/font/courbd.ttf rb
font     D                ttf.c:943  al_load_ttf_font_stretch_f       [   0.18233] Font ./assets/font/courbd.ttf loaded with pixel size 0 x 24.
font     D                ttf.c:945  al_load_ttf_font_stretch_f       [   0.18234]     ascent=20.0, descent=-8.0, height=27.0
dtor     D               dtor.c:196  _al_register_destructor          [   0.18235] added dtor for ttf_font 0000000002eb6190, func 00007ff97ea54c05
stdio    D         file_stdio.c:110  file_stdio_fopen                 [   0.18235] opening ./assets/font/Caviar_Dreams_Bold.ttf rb
font     D                ttf.c:943  al_load_ttf_font_stretch_f       [   0.18241] Font ./assets/font/Caviar_Dreams_Bold.ttf loaded with pixel size 0 x 36.
font     D                ttf.c:945  al_load_ttf_font_stretch_f       [   0.18242]     ascent=36.0, descent=-11.0, height=46.0
dtor     D               dtor.c:196  _al_register_destructor          [   0.18243] added dtor for ttf_font 0000000002eb6670, func 00007ff97ea54c05
stdio    D         file_stdio.c:110  file_stdio_fopen                 [   0.18243] opening ./assets/font/courbd.ttf rb
font     D                ttf.c:943  al_load_ttf_font_stretch_f       [   0.18250] Font ./assets/font/courbd.ttf loaded with pixel size 0 x 36.
font     D                ttf.c:945  al_load_ttf_font_stretch_f       [   0.18251]     ascent=30.0, descent=-11.0, height=41.0
dtor     D               dtor.c:196  _al_register_destructor          [   0.18252] added dtor for ttf_font 0000000002eb6010, func 00007ff97ea54c05
stdio    D         file_stdio.c:110  file_stdio_fopen                 [   0.18252] opening ./assets/image/love.png rb
stdio    D         file_stdio.c:110  file_stdio_fopen                 [   0.18257] opening ./assets/image/love.png rb
d3d      D         d3d_disp.cpp:1202 real_choose_bitmap_format        [   0.18261] Fake format
d3d      D         d3d_disp.cpp:1202 real_choose_bitmap_format        [   0.18262] Fake format
d3d      D         d3d_disp.cpp:1202 real_choose_bitmap_format        [   0.18262] Fake format
d3d      D         d3d_disp.cpp:1202 real_choose_bitmap_format        [   0.18263] Fake format
d3d      D         d3d_disp.cpp:1202 real_choose_bitmap_format        [   0.18263] Fake format
d3d      D         d3d_disp.cpp:1202 real_choose_bitmap_format        [   0.18264] Fake format
d3d      D         d3d_disp.cpp:1202 real_choose_bitmap_format        [   0.18265] Fake format
d3d      D         d3d_disp.cpp:1202 real_choose_bitmap_format        [   0.18265] Fake format
d3d      D         d3d_disp.cpp:1202 real_choose_bitmap_format        [   0.18266] Fake format
d3d      D         d3d_disp.cpp:1210 real_choose_bitmap_format        [   0.18266] Alpha doesn't match
d3d      D         d3d_disp.cpp:1217 real_choose_bitmap_format        [   0.18267] Adapter format is 23
d3d      D         d3d_disp.cpp:1220 real_choose_bitmap_format        [   0.18268] Found a format
d3d      I         d3d_disp.cpp:2391 d3d_create_bitmap                [   0.18268] Chose bitmap format 9
dtor     D               dtor.c:196  _al_register_destructor          [   0.18282] added dtor for bitmap 000000000f8295c0, func 00007ff97e931bea
stdio    D         file_stdio.c:110  file_stdio_fopen                 [   0.18291] opening ./assets/image/tower/Arcane_Menu.png rb
stdio    D         file_stdio.c:110  file_stdio_fopen                 [   0.18298] opening ./assets/image/tower/Arcane_Menu.png rb
d3d      D         d3d_disp.cpp:1202 real_choose_bitmap_format        [   0.18302] Fake format
d3d      D         d3d_disp.cpp:1202 real_choose_bitmap_format        [   0.18302] Fake format
d3d      D         d3d_disp.cpp:1202 real_choose_bitmap_format        [   0.18303] Fake format
d3d      D         d3d_disp.cpp:1202 real_choose_bitmap_format        [   0.18303] Fake format
d3d      D         d3d_disp.cpp:1202 real_choose_bitmap_format        [   0.18304] Fake format
d3d      D         d3d_disp.cpp:1202 real_choose_bitmap_format        [   0.18305] Fake format
d3d      D         d3d_disp.cpp:1202 real_choose_bitmap_format        [   0.18305] Fake format
d3d      D         d3d_disp.cpp:1202 real_choose_bitmap_format        [   0.18306] Fake format
d3d      D         d3d_disp.cpp:1202 real_choose_bitmap_format        [   0.18306] Fake format
d3d      D         d3d_disp.cpp:1210 real_choose_bitmap_format        [   0.18307] Alpha doesn't match
d3d      D         d3d_disp.cpp:1217 real_choose_bitmap_format        [   0.18308] Adapter format is 23
d3d      D         d3d_disp.cpp:1220 real_choose_bitmap_format        [   0.18308] Found a format
d3d      I         d3d_disp.cpp:2391 d3d_create_bitmap                [   0.18309] Chose bitmap format 9
dtor     D               dtor.c:196  _al_register_destructor          [   0.18318] added dtor for bitmap 000000000f8299c0, func 00007ff97e931bea
stdio    D         file_stdio.c:110  file_stdio_fopen                 [   0.18336] opening ./assets/image/tower/Archer_Menu.png rb
stdio    D         file_stdio.c:110  file_stdio_fopen                 [   0.18341] opening ./assets/image/tower/Archer_Menu.png rb
d3d      D         d3d_disp.cpp:1202 real_choose_bitmap_format        [   0.18345] Fake format
d3d      D         d3d_disp.cpp:1202 real_choose_bitmap_format        [   0.18345] Fake format
d3d      D         d3d_disp.cpp:1202 real_choose_bitmap_format        [   0.18346] Fake format
d3d      D         d3d_disp.cpp:1202 real_choose_bitmap_format        [   0.18347] Fake format
d3d      D         d3d_disp.cpp:1202 real_choose_bitmap_format        [   0.18347] Fake format
d3d      D         d3d_disp.cpp:1202 real_choose_bitmap_format        [   0.18348] Fake format
d3d      D         d3d_disp.cpp:1202 real_choose_bitmap_format        [   0.18348] Fake format
d3d      D         d3d_disp.cpp:1202 real_choose_bitmap_format        [   0.18349] Fake format
d3d      D         d3d_disp.cpp:1202 real_choose_bitmap_format        [   0.18349] Fake format
d3d      D         d3d_disp.cpp:1210 real_choose_bitmap_format        [   0.18350] Alpha doesn't match
d3d      D         d3d_disp.cpp:1217 real_choose_bitmap_format        [   0.18351] Adapter format is 23
d3d      D         d3d_disp.cpp:1220 real_choose_bitmap_format        [   0.18351] Found a format
d3d      I         d3d_disp.cpp:2391 d3d_create_bitmap                [   0.18352] Chose bitmap format 9
dtor     D               dtor.c:196  _al_register_destructor          [   0.18359] added dtor for bitmap 000000000f82c290, func 00007ff97e931bea
stdio    D         file_stdio.c:110  file_stdio_fopen                 [   0.18376] opening ./assets/image/tower/Canon_Menu.png rb
stdio    D         file_stdio.c:110  file_stdio_fopen                 [   0.18381] opening ./assets/image/tower/Canon_Menu.png rb
d3d      D         d3d_disp.cpp:1202 real_choose_bitmap_format        [   0.18384] Fake format
d3d      D         d3d_disp.cpp:1202 real_choose_bitmap_format        [   0.18384] Fake format
d3d      D         d3d_disp.cpp:1202 real_choose_bitmap_format        [   0.18385] Fake format
d3d      D         d3d_disp.cpp:1202 real_choose_bitmap_format        [   0.18385] Fake format
d3d      D         d3d_disp.cpp:1202 real_choose_bitmap_format        [   0.18386] Fake format
d3d      D         d3d_disp.cpp:1202 real_choose_bitmap_format        [   0.18387] Fake format
d3d      D         d3d_disp.cpp:1202 real_choose_bitmap_format        [   0.18387] Fake format
d3d      D         d3d_disp.cpp:1202 real_choose_bitmap_format        [   0.18388] Fake format
d3d      D         d3d_disp.cpp:1202 real_choose_bitmap_format        [   0.18388] Fake format
d3d      D         d3d_disp.cpp:1210 real_choose_bitmap_format        [   0.18389] Alpha doesn't match
d3d      D         d3d_disp.cpp:1217 real_choose_bitmap_format        [   0.18390] Adapter format is 23
d3d      D         d3d_disp.cpp:1220 real_choose_bitmap_format        [   0.18390] Found a format
d3d      I         d3d_disp.cpp:2391 d3d_create_bitmap                [   0.18391] Chose bitmap format 9
dtor     D               dtor.c:196  _al_register_destructor          [   0.18400] added dtor for bitmap 000000000f82ec40, func 00007ff97e931bea
stdio    D         file_stdio.c:110  file_stdio_fopen                 [   0.18429] opening ./assets/image/tower/Poison_Menu.png rb
stdio    D         file_stdio.c:110  file_stdio_fopen                 [   0.18436] opening ./assets/image/tower/Poison_Menu.png rb
d3d      D         d3d_disp.cpp:1202 real_choose_bitmap_format        [   0.18440] Fake format
d3d      D         d3d_disp.cpp:1202 real_choose_bitmap_format        [   0.18441] Fake format
d3d      D         d3d_disp.cpp:1202 real_choose_bitmap_format        [   0.18442] Fake format
d3d      D         d3d_disp.cpp:1202 real_choose_bitmap_format        [   0.18442] Fake format
d3d      D         d3d_disp.cpp:1202 real_choose_bitmap_format        [   0.18443] Fake format
d3d      D         d3d_disp.cpp:1202 real_choose_bitmap_format        [   0.18444] Fake format
d3d      D         d3d_disp.cpp:1202 real_choose_bitmap_format        [   0.18444] Fake format
d3d      D         d3d_disp.cpp:1202 real_choose_bitmap_format        [   0.18445] Fake format
d3d      D         d3d_disp.cpp:1202 real_choose_bitmap_format        [   0.18445] Fake format
d3d      D         d3d_disp.cpp:1210 real_choose_bitmap_format        [   0.18446] Alpha doesn't match
d3d      D         d3d_disp.cpp:1217 real_choose_bitmap_format        [   0.18446] Adapter format is 23
d3d      D         d3d_disp.cpp:1220 real_choose_bitmap_format        [   0.18447] Found a format
d3d      I         d3d_disp.cpp:2391 d3d_create_bitmap                [   0.18448] Chose bitmap format 9
dtor     D               dtor.c:196  _al_register_destructor          [   0.18456] added dtor for bitmap 000000000f831510, func 00007ff97e931bea
stdio    D         file_stdio.c:110  file_stdio_fopen                 [   0.18482] opening ./assets/image/tower/Storm_Menu.png rb
stdio    D         file_stdio.c:110  file_stdio_fopen                 [   0.18490] opening ./assets/image/tower/Storm_Menu.png rb
d3d      D         d3d_disp.cpp:1202 real_choose_bitmap_format        [   0.18495] Fake format
d3d      D         d3d_disp.cpp:1202 real_choose_bitmap_format        [   0.18496] Fake format
d3d      D         d3d_disp.cpp:1202 real_choose_bitmap_format        [   0.18496] Fake format
d3d      D         d3d_disp.cpp:1202 real_choose_bitmap_format        [   0.18498] Fake format
d3d      D         d3d_disp.cpp:1202 real_choose_bitmap_format        [   0.18499] Fake format
d3d      D         d3d_disp.cpp:1202 real_choose_bitmap_format        [   0.18499] Fake format
d3d      D         d3d_disp.cpp:1202 real_choose_bitmap_format        [   0.18500] Fake format
d3d      D         d3d_disp.cpp:1202 real_choose_bitmap_format        [   0.18501] Fake format
d3d      D         d3d_disp.cpp:1202 real_choose_bitmap_format        [   0.18501] Fake format
d3d      D         d3d_disp.cpp:1210 real_choose_bitmap_format        [   0.18502] Alpha doesn't match
d3d      D         d3d_disp.cpp:1217 real_choose_bitmap_format        [   0.18502] Adapter format is 23
d3d      D         d3d_disp.cpp:1220 real_choose_bitmap_format        [   0.18503] Found a format
d3d      I         d3d_disp.cpp:2391 d3d_create_bitmap                [   0.18504] Chose bitmap format 9
dtor     D               dtor.c:196  _al_register_destructor          [   0.18513] added dtor for bitmap 000000000f833de0, func 00007ff97e931bea
stdio    D         file_stdio.c:110  file_stdio_fopen                 [   0.18613] opening ./assets/image/rabbit_right.png rb
stdio    D         file_stdio.c:110  file_stdio_fopen                 [   0.18623] opening ./assets/image/rabbit_right.png rb
d3d      D         d3d_disp.cpp:1202 real_choose_bitmap_format        [   0.18628] Fake format
d3d      D         d3d_disp.cpp:1202 real_choose_bitmap_format        [   0.18629] Fake format
d3d      D         d3d_disp.cpp:1202 real_choose_bitmap_format        [   0.18629] Fake format
d3d      D         d3d_disp.cpp:1202 real_choose_bitmap_format        [   0.18630] Fake format
d3d      D         d3d_disp.cpp:1202 real_choose_bitmap_format        [   0.18631] Fake format
d3d      D         d3d_disp.cpp:1202 real_choose_bitmap_format        [   0.18631] Fake format
d3d      D         d3d_disp.cpp:1202 real_choose_bitmap_format        [   0.18632] Fake format
d3d      D         d3d_disp.cpp:1202 real_choose_bitmap_format        [   0.18632] Fake format
d3d      D         d3d_disp.cpp:1202 real_choose_bitmap_format        [   0.18633] Fake format
d3d      D         d3d_disp.cpp:1210 real_choose_bitmap_format        [   0.18634] Alpha doesn't match
d3d      D         d3d_disp.cpp:1217 real_choose_bitmap_format        [   0.18634] Adapter format is 23
d3d      D         d3d_disp.cpp:1220 real_choose_bitmap_format        [   0.18635] Found a format
d3d      I         d3d_disp.cpp:2391 d3d_create_bitmap                [   0.18636] Chose bitmap format 9
dtor     D               dtor.c:196  _al_register_destructor          [   0.18655] added dtor for bitmap 000000000f8286f0, func 00007ff97e931bea
stdio    D         file_stdio.c:110  file_stdio_fopen                 [   0.18815] opening ./assets/image/tile/tile1.png rb
stdio    D         file_stdio.c:110  file_stdio_fopen                 [   0.18822] opening ./assets/image/tile/tile1.png rb
d3d      D         d3d_disp.cpp:1202 real_choose_bitmap_format        [   0.18826] Fake format
d3d      D         d3d_disp.cpp:1202 real_choose_bitmap_format        [   0.18827] Fake format
d3d      D         d3d_disp.cpp:1202 real_choose_bitmap_format        [   0.18828] Fake format
d3d      D         d3d_disp.cpp:1202 real_choose_bitmap_format        [   0.18829] Fake format
d3d      D         d3d_disp.cpp:1202 real_choose_bitmap_format        [   0.18829] Fake format
d3d      D         d3d_disp.cpp:1202 real_choose_bitmap_format        [   0.18830] Fake format
d3d      D         d3d_disp.cpp:1202 real_choose_bitmap_format        [   0.18830] Fake format
d3d      D         d3d_disp.cpp:1202 real_choose_bitmap_format        [   0.18831] Fake format
d3d      D         d3d_disp.cpp:1202 real_choose_bitmap_format        [   0.18832] Fake format
d3d      D         d3d_disp.cpp:1210 real_choose_bitmap_format        [   0.18832] Alpha doesn't match
d3d      D         d3d_disp.cpp:1217 real_choose_bitmap_format        [   0.18833] Adapter format is 23
d3d      D         d3d_disp.cpp:1220 real_choose_bitmap_format        [   0.18834] Found a format
d3d      I         d3d_disp.cpp:2391 d3d_create_bitmap                [   0.18834] Chose bitmap format 9
dtor     D               dtor.c:196  _al_register_destructor          [   0.18853] added dtor for bitmap 000000000f838070, func 00007ff97e931bea
stdio    D         file_stdio.c:110  file_stdio_fopen                 [   0.18913] opening ./assets/image/tile/tile2.png rb
stdio    D         file_stdio.c:110  file_stdio_fopen                 [   0.18920] opening ./assets/image/tile/tile2.png rb
d3d      D         d3d_disp.cpp:1202 real_choose_bitmap_format        [   0.18924] Fake format
d3d      D         d3d_disp.cpp:1202 real_choose_bitmap_format        [   0.18925] Fake format
d3d      D         d3d_disp.cpp:1202 real_choose_bitmap_format        [   0.18926] Fake format
d3d      D         d3d_disp.cpp:1202 real_choose_bitmap_format        [   0.18926] Fake format
d3d      D         d3d_disp.cpp:1202 real_choose_bitmap_format        [   0.18927] Fake format
d3d      D         d3d_disp.cpp:1202 real_choose_bitmap_format        [   0.18928] Fake format
d3d      D         d3d_disp.cpp:1202 real_choose_bitmap_format        [   0.18928] Fake format
d3d      D         d3d_disp.cpp:1202 real_choose_bitmap_format        [   0.18929] Fake format
d3d      D         d3d_disp.cpp:1202 real_choose_bitmap_format        [   0.18929] Fake format
d3d      D         d3d_disp.cpp:1210 real_choose_bitmap_format        [   0.18930] Alpha doesn't match
d3d      D         d3d_disp.cpp:1217 real_choose_bitmap_format        [   0.18931] Adapter format is 23
d3d      D         d3d_disp.cpp:1220 real_choose_bitmap_format        [   0.18931] Found a format
d3d      I         d3d_disp.cpp:2391 d3d_create_bitmap                [   0.18932] Chose bitmap format 9
dtor     D               dtor.c:196  _al_register_destructor          [   0.18943] added dtor for bitmap 000000000f837d50, func 00007ff97e931bea
stdio    D         file_stdio.c:110  file_stdio_fopen                 [   0.19031] opening ./assets/image/carrot_exist.png rb
stdio    D         file_stdio.c:110  file_stdio_fopen                 [   0.19038] opening ./assets/image/carrot_exist.png rb
d3d      D         d3d_disp.cpp:1202 real_choose_bitmap_format        [   0.19042] Fake format
d3d      D         d3d_disp.cpp:1202 real_choose_bitmap_format        [   0.19043] Fake format
d3d      D         d3d_disp.cpp:1202 real_choose_bitmap_format        [   0.19044] Fake format
d3d      D         d3d_disp.cpp:1202 real_choose_bitmap_format        [   0.19044] Fake format
d3d      D         d3d_disp.cpp:1202 real_choose_bitmap_format        [   0.19045] Fake format
d3d      D         d3d_disp.cpp:1202 real_choose_bitmap_format        [   0.19045] Fake format
d3d      D         d3d_disp.cpp:1202 real_choose_bitmap_format        [   0.19046] Fake format
d3d      D         d3d_disp.cpp:1202 real_choose_bitmap_format        [   0.19046] Fake format
d3d      D         d3d_disp.cpp:1202 real_choose_bitmap_format        [   0.19047] Fake format
d3d      D         d3d_disp.cpp:1210 real_choose_bitmap_format        [   0.19048] Alpha doesn't match
d3d      D         d3d_disp.cpp:1217 real_choose_bitmap_format        [   0.19048] Adapter format is 23
d3d      D         d3d_disp.cpp:1220 real_choose_bitmap_format        [   0.19049] Found a format
d3d      I         d3d_disp.cpp:2391 d3d_create_bitmap                [   0.19050] Chose bitmap format 9
dtor     D               dtor.c:196  _al_register_destructor          [   0.19062] added dtor for bitmap 000000000f828090, func 00007ff97e931bea
stdio    D         file_stdio.c:110  file_stdio_fopen                 [   0.19131] opening ./assets/image/back.png rb
stdio    D         file_stdio.c:110  file_stdio_fopen                 [   0.19142] opening ./assets/image/back.png rb
d3d      D         d3d_disp.cpp:1202 real_choose_bitmap_format        [   0.19146] Fake format
d3d      D         d3d_disp.cpp:1202 real_choose_bitmap_format        [   0.19147] Fake format
d3d      D         d3d_disp.cpp:1202 real_choose_bitmap_format        [   0.19147] Fake format
d3d      D         d3d_disp.cpp:1202 real_choose_bitmap_format        [   0.19148] Fake format
d3d      D         d3d_disp.cpp:1202 real_choose_bitmap_format        [   0.19149] Fake format
d3d      D         d3d_disp.cpp:1202 real_choose_bitmap_format        [   0.19149] Fake format
d3d      D         d3d_disp.cpp:1202 real_choose_bitmap_format        [   0.19150] Fake format
d3d      D         d3d_disp.cpp:1202 real_choose_bitmap_format        [   0.19150] Fake format
d3d      D         d3d_disp.cpp:1202 real_choose_bitmap_format        [   0.19151] Fake format
d3d      D         d3d_disp.cpp:1210 real_choose_bitmap_format        [   0.19152] Alpha doesn't match
d3d      D         d3d_disp.cpp:1217 real_choose_bitmap_format        [   0.19152] Adapter format is 23
d3d      D         d3d_disp.cpp:1220 real_choose_bitmap_format        [   0.19153] Found a format
d3d      I         d3d_disp.cpp:2391 d3d_create_bitmap                [   0.19154] Chose bitmap format 9
dtor     D               dtor.c:196  _al_register_destructor          [   0.19167] added dtor for bitmap 000000000f8a36c0, func 00007ff97e931bea
stdio    D         file_stdio.c:110  file_stdio_fopen                 [   0.26287] opening ./assets/sound/growl.wav rb
wav      I                wav.c:124  wav_open                         [   0.26302] Ignoring chunk: LIST
wav      E                wav.c:121  wav_open                         [   0.26304] Bad RIFF type.
dtor     D               dtor.c:196  _al_register_destructor          [   0.26306] added dtor for sample 0000000002eb4ea0, func 00007ff97ea61a1d
dtor     D               dtor.c:196  _al_register_destructor          [   0.26317] added dtor for sample_instance 0000000002ebb2d0, func 00007ff97ea5929b
audio    D          kcm_mixer.c:121  _al_rechannel_matrix             [   0.26319] sample matrix:
audio    D          kcm_mixer.c:127  _al_rechannel_matrix             [   0.26319]  0.707107 0.000000
audio    D          kcm_mixer.c:127  _al_rechannel_matrix             [   0.26320]  0.000000 0.707107
d3d      D          d3d_bmp.cpp:539  _al_d3d_sync_bitmap              [   0.27563] _al_d3d_sync_bitmap (system) ref count == 1
d3d      D          d3d_bmp.cpp:545  _al_d3d_sync_bitmap              [   0.27571] _al_d3d_sync_bitmap (video) ref count == 1
d3d      D          d3d_bmp.cpp:539  _al_d3d_sync_bitmap              [   0.27753] _al_d3d_sync_bitmap (system) ref count == 1
d3d      D          d3d_bmp.cpp:545  _al_d3d_sync_bitmap              [   0.27758] _al_d3d_sync_bitmap (video) ref count == 1
d3d      D          d3d_bmp.cpp:539  _al_d3d_sync_bitmap              [   0.27792] _al_d3d_sync_bitmap (system) ref count == 1
d3d      D          d3d_bmp.cpp:545  _al_d3d_sync_bitmap              [   0.27793] _al_d3d_sync_bitmap (video) ref count == 1
d3d      D          d3d_bmp.cpp:539  _al_d3d_sync_bitmap              [   0.27820] _al_d3d_sync_bitmap (system) ref count == 1
d3d      D          d3d_bmp.cpp:545  _al_d3d_sync_bitmap              [   0.27821] _al_d3d_sync_bitmap (video) ref count == 1
d3d      D          d3d_bmp.cpp:539  _al_d3d_sync_bitmap              [   0.27847] _al_d3d_sync_bitmap (system) ref count == 1
d3d      D          d3d_bmp.cpp:545  _al_d3d_sync_bitmap              [   0.27848] _al_d3d_sync_bitmap (video) ref count == 1
d3d      D          d3d_bmp.cpp:539  _al_d3d_sync_bitmap              [   0.27872] _al_d3d_sync_bitmap (system) ref count == 1
d3d      D          d3d_bmp.cpp:545  _al_d3d_sync_bitmap              [   0.27873] _al_d3d_sync_bitmap (video) ref count == 1
d3d      D          d3d_bmp.cpp:539  _al_d3d_sync_bitmap              [   0.27897] _al_d3d_sync_bitmap (system) ref count == 1
d3d      D          d3d_bmp.cpp:545  _al_d3d_sync_bitmap              [   0.27897] _al_d3d_sync_bitmap (video) ref count == 1
d3d      D          d3d_bmp.cpp:539  _al_d3d_sync_bitmap              [   0.27916] _al_d3d_sync_bitmap (system) ref count == 1
d3d      D          d3d_bmp.cpp:545  _al_d3d_sync_bitmap              [   0.27917] _al_d3d_sync_bitmap (video) ref count == 1
d3d      D          d3d_bmp.cpp:539  _al_d3d_sync_bitmap              [   0.27967] _al_d3d_sync_bitmap (system) ref count == 1
d3d      D          d3d_bmp.cpp:545  _al_d3d_sync_bitmap              [   0.27968] _al_d3d_sync_bitmap (video) ref count == 1
d3d      D          d3d_bmp.cpp:539  _al_d3d_sync_bitmap              [   0.27994] _al_d3d_sync_bitmap (system) ref count == 1
d3d      D          d3d_bmp.cpp:545  _al_d3d_sync_bitmap              [   0.27994] _al_d3d_sync_bitmap (video) ref count == 1
d3d      D          d3d_bmp.cpp:539  _al_d3d_sync_bitmap              [   0.28031] _al_d3d_sync_bitmap (system) ref count == 1
d3d      D          d3d_bmp.cpp:545  _al_d3d_sync_bitmap              [   0.28033] _al_d3d_sync_bitmap (video) ref count == 1
d3d      D          d3d_bmp.cpp:539  _al_d3d_sync_bitmap              [   0.28061] _al_d3d_sync_bitmap (system) ref count == 1
d3d      D          d3d_bmp.cpp:545  _al_d3d_sync_bitmap              [   0.28063] _al_d3d_sync_bitmap (video) ref count == 1
stdio    D         file_stdio.c:110  file_stdio_fopen                 [   1.71420] opening ./assets/image/monster/Wolf/RIGHT_1.png rb
stdio    D         file_stdio.c:110  file_stdio_fopen                 [   1.71438] opening ./assets/image/monster/Wolf/RIGHT_1.png rb
d3d      D         d3d_disp.cpp:1202 real_choose_bitmap_format        [   1.71555] Fake format
d3d      D         d3d_disp.cpp:1202 real_choose_bitmap_format        [   1.71563] Fake format
d3d      D         d3d_disp.cpp:1202 real_choose_bitmap_format        [   1.71564] Fake format
d3d      D         d3d_disp.cpp:1202 real_choose_bitmap_format        [   1.71564] Fake format
d3d      D         d3d_disp.cpp:1202 real_choose_bitmap_format        [   1.71565] Fake format
d3d      D         d3d_disp.cpp:1202 real_choose_bitmap_format        [   1.71565] Fake format
d3d      D         d3d_disp.cpp:1202 real_choose_bitmap_format        [   1.71566] Fake format
d3d      D         d3d_disp.cpp:1202 real_choose_bitmap_format        [   1.71567] Fake format
d3d      D         d3d_disp.cpp:1202 real_choose_bitmap_format        [   1.71567] Fake format
d3d      D         d3d_disp.cpp:1210 real_choose_bitmap_format        [   1.71568] Alpha doesn't match
d3d      D         d3d_disp.cpp:1217 real_choose_bitmap_format        [   1.71569] Adapter format is 23
d3d      D         d3d_disp.cpp:1220 real_choose_bitmap_format        [   1.71569] Found a format
d3d      I         d3d_disp.cpp:2391 d3d_create_bitmap                [   1.71570] Chose bitmap format 9
dtor     D               dtor.c:196  _al_register_destructor          [   1.71589] added dtor for bitmap 000000000f8a3870, func 00007ff97e931bea
d3d      D         d3d_disp.cpp:1202 real_choose_bitmap_format        [   1.71637] Fake format
d3d      D         d3d_disp.cpp:1202 real_choose_bitmap_format        [   1.71638] Fake format
d3d      D         d3d_disp.cpp:1202 real_choose_bitmap_format        [   1.71639] Fake format
d3d      D         d3d_disp.cpp:1202 real_choose_bitmap_format        [   1.71640] Fake format
d3d      D         d3d_disp.cpp:1202 real_choose_bitmap_format        [   1.71640] Fake format
d3d      D         d3d_disp.cpp:1202 real_choose_bitmap_format        [   1.71641] Fake format
d3d      D         d3d_disp.cpp:1202 real_choose_bitmap_format        [   1.71641] Fake format
d3d      D         d3d_disp.cpp:1202 real_choose_bitmap_format        [   1.71642] Fake format
d3d      D         d3d_disp.cpp:1202 real_choose_bitmap_format        [   1.71642] Fake format
d3d      D         d3d_disp.cpp:1210 real_choose_bitmap_format        [   1.71643] Alpha doesn't match
d3d      D         d3d_disp.cpp:1217 real_choose_bitmap_format        [   1.71644] Adapter format is 23
d3d      D         d3d_disp.cpp:1220 real_choose_bitmap_format        [   1.71644] Found a format
d3d      I         d3d_disp.cpp:2391 d3d_create_bitmap                [   1.71645] Chose bitmap format 9
font     D                ttf.c:243  alloc_glyph_region               [   1.71674] Glyph 70: 15x13 (16x16)
font     D                ttf.c:287  alloc_glyph_region               [   1.71675] Locking glyph region: 000000000f8a3f30 0 0 16 16
font     D                ttf.c:167  unlock_current_page              [   1.71701] Unlocking page: 000000000f8a3f30
font     D                ttf.c:243  alloc_glyph_region               [   1.71705] Glyph 82: 15x13 (16x16)
font     D                ttf.c:287  alloc_glyph_region               [   1.71705] Locking glyph region: 000000000f8a3f30 16 0 16 16
font     D                ttf.c:167  unlock_current_page              [   1.71707] Unlocking page: 000000000f8a3f30
font     D                ttf.c:243  alloc_glyph_region               [   1.71710] Glyph 76: 14x17 (16x20)
font     D                ttf.c:287  alloc_glyph_region               [   1.71711] Locking glyph region: 000000000f8a3f30 32 0 16 20
font     D                ttf.c:167  unlock_current_page              [   1.71712] Unlocking page: 000000000f8a3f30
font     D                ttf.c:243  alloc_glyph_region               [   1.71715] Glyph 81: 16x13 (16x16)
font     D                ttf.c:287  alloc_glyph_region               [   1.71716] Locking glyph region: 000000000f8a3f30 48 0 16 16
font     D                ttf.c:167  unlock_current_page              [   1.71733] Unlocking page: 000000000f8a3f30
font     D                ttf.c:243  alloc_glyph_region               [   1.71736] Glyph 29: 7x13 (8x16)
font     D                ttf.c:287  alloc_glyph_region               [   1.71737] Locking glyph region: 000000000f8a3f30 64 0 8 16
font     D                ttf.c:167  unlock_current_page              [   1.71738] Unlocking page: 000000000f8a3f30
font     D                ttf.c:446  cache_glyph                      [   1.71739] Glyph 3 has zero size.
font     D                ttf.c:243  alloc_glyph_region               [   1.71742] Glyph 20: 14x17 (16x20)
font     D                ttf.c:287  alloc_glyph_region               [   1.71742] Locking glyph region: 000000000f8a3f30 72 0 16 20
font     D                ttf.c:167  unlock_current_page              [   1.71744] Unlocking page: 000000000f8a3f30
font     D                ttf.c:243  alloc_glyph_region               [   1.71746] Glyph 19: 14x17 (16x20)
font     D                ttf.c:287  alloc_glyph_region               [   1.71746] Locking glyph region: 000000000f8a3f30 88 0 16 20
font     D                ttf.c:167  unlock_current_page              [   1.71747] Unlocking page: 000000000f8a3f30
font     D                ttf.c:243  alloc_glyph_region               [   1.71750] Glyph 24: 14x17 (16x20)
font     D                ttf.c:287  alloc_glyph_region               [   1.71750] Locking glyph region: 000000000f8a3f30 104 0 16 20
font     D                ttf.c:167  unlock_current_page              [   1.71755] Unlocking page: 000000000f8a3f30
font     D                ttf.c:243  alloc_glyph_region               [   1.71761] Glyph 21: 14x17 (16x20)
font     D                ttf.c:287  alloc_glyph_region               [   1.71762] Locking glyph region: 000000000f8a3f30 120 0 16 20
font     D                ttf.c:167  unlock_current_page              [   1.71791] Unlocking page: 000000000f8a3f30
d3d      D          d3d_bmp.cpp:539  _al_d3d_sync_bitmap              [   1.72391] _al_d3d_sync_bitmap (system) ref count == 1
d3d      D          d3d_bmp.cpp:545  _al_d3d_sync_bitmap              [   1.72393] _al_d3d_sync_bitmap (video) ref count == 1
d3d      D          d3d_bmp.cpp:539  _al_d3d_sync_bitmap              [   1.72440] _al_d3d_sync_bitmap (system) ref count == 1
d3d      D          d3d_bmp.cpp:545  _al_d3d_sync_bitmap              [   1.72442] _al_d3d_sync_bitmap (video) ref count == 1
acodec   I                ogg.c:204  _al_load_ogg_vorbis              [   1.72994] Loading sample ./assets/sound/background.ogg.
stdio    D         file_stdio.c:110  file_stdio_fopen                 [   1.72998] opening ./assets/sound/background.ogg rb
acodec   D                ogg.c:263  _al_load_ogg_vorbis_f            [   1.73037] channels 2
acodec   D                ogg.c:264  _al_load_ogg_vorbis_f            [   1.73037] word_size 2
acodec   D                ogg.c:265  _al_load_ogg_vorbis_f            [   1.73038] rate 44100
acodec   D                ogg.c:266  _al_load_ogg_vorbis_f            [   1.73039] total_samples 5612544
acodec   D                ogg.c:267  _al_load_ogg_vorbis_f            [   1.73039] total_size 22450176
dtor     D               dtor.c:196  _al_register_destructor          [   1.85174] added dtor for sample 0000000002eb5200, func 00007ff97ea61a1d
dtor     D               dtor.c:196  _al_register_destructor          [   1.85181] added dtor for sample_instance 0000000002ebb090, func 00007ff97ea5929b
audio    D          kcm_mixer.c:121  _al_rechannel_matrix             [   1.85182] sample matrix:
audio    D          kcm_mixer.c:127  _al_rechannel_matrix             [   1.85182]  0.707107 0.000000
audio    D          kcm_mixer.c:127  _al_rechannel_matrix             [   1.85183]  0.000000 0.707107
stdio    D         file_stdio.c:110  file_stdio_fopen                 [   2.06385] opening ./assets/image/monster/Wolf/RIGHT_2.png rb
stdio    D         file_stdio.c:110  file_stdio_fopen                 [   2.06402] opening ./assets/image/monster/Wolf/RIGHT_2.png rb
d3d      D         d3d_disp.cpp:1202 real_choose_bitmap_format        [   2.06544] Fake format
d3d      D         d3d_disp.cpp:1202 real_choose_bitmap_format        [   2.06545] Fake format
d3d      D         d3d_disp.cpp:1202 real_choose_bitmap_format        [   2.06546] Fake format
d3d      D         d3d_disp.cpp:1202 real_choose_bitmap_format        [   2.06547] Fake format
d3d      D         d3d_disp.cpp:1202 real_choose_bitmap_format        [   2.06547] Fake format
d3d      D         d3d_disp.cpp:1202 real_choose_bitmap_format        [   2.06548] Fake format
d3d      D         d3d_disp.cpp:1202 real_choose_bitmap_format        [   2.06548] Fake format
d3d      D         d3d_disp.cpp:1202 real_choose_bitmap_format        [   2.06549] Fake format
d3d      D         d3d_disp.cpp:1202 real_choose_bitmap_format        [   2.06550] Fake format
d3d      D         d3d_disp.cpp:1210 real_choose_bitmap_format        [   2.06550] Alpha doesn't match
d3d      D         d3d_disp.cpp:1217 real_choose_bitmap_format        [   2.06551] Adapter format is 23
d3d      D         d3d_disp.cpp:1220 real_choose_bitmap_format        [   2.06552] Found a format
d3d      I         d3d_disp.cpp:2391 d3d_create_bitmap                [   2.06552] Chose bitmap format 9
dtor     D               dtor.c:196  _al_register_destructor          [   2.06578] added dtor for bitmap 000000000f8a3510, func 00007ff97e931bea
d3d      D          d3d_bmp.cpp:539  _al_d3d_sync_bitmap              [   2.07165] _al_d3d_sync_bitmap (system) ref count == 1
d3d      D          d3d_bmp.cpp:545  _al_d3d_sync_bitmap              [   2.07168] _al_d3d_sync_bitmap (video) ref count == 1
dtor     D               dtor.c:227  _al_unregister_destructor        [   2.26340] removed dtor for sample_instance 0000000002ebb2d0
stdio    D         file_stdio.c:110  file_stdio_fopen                 [   2.41331] opening ./assets/image/monster/Wolf/RIGHT_3.png rb
stdio    D         file_stdio.c:110  file_stdio_fopen                 [   2.41352] opening ./assets/image/monster/Wolf/RIGHT_3.png rb
d3d      D         d3d_disp.cpp:1202 real_choose_bitmap_format        [   2.41569] Fake format
d3d      D         d3d_disp.cpp:1202 real_choose_bitmap_format        [   2.41575] Fake format
d3d      D         d3d_disp.cpp:1202 real_choose_bitmap_format        [   2.41576] Fake format
d3d      D         d3d_disp.cpp:1202 real_choose_bitmap_format        [   2.41577] Fake format
d3d      D         d3d_disp.cpp:1202 real_choose_bitmap_format        [   2.41579] Fake format
d3d      D         d3d_disp.cpp:1202 real_choose_bitmap_format        [   2.41580] Fake format
d3d      D         d3d_disp.cpp:1202 real_choose_bitmap_format        [   2.41581] Fake format
d3d      D         d3d_disp.cpp:1202 real_choose_bitmap_format        [   2.41582] Fake format
d3d      D         d3d_disp.cpp:1202 real_choose_bitmap_format        [   2.41583] Fake format
d3d      D         d3d_disp.cpp:1210 real_choose_bitmap_format        [   2.41584] Alpha doesn't match
d3d      D         d3d_disp.cpp:1217 real_choose_bitmap_format        [   2.41585] Adapter format is 23
d3d      D         d3d_disp.cpp:1220 real_choose_bitmap_format        [   2.41587] Found a format
d3d      I         d3d_disp.cpp:2391 d3d_create_bitmap                [   2.41588] Chose bitmap format 9
dtor     D               dtor.c:196  _al_register_destructor          [   2.41618] added dtor for bitmap 000000000f8a40e0, func 00007ff97e931bea
d3d      D          d3d_bmp.cpp:539  _al_d3d_sync_bitmap              [   2.42352] _al_d3d_sync_bitmap (system) ref count == 1
d3d      D          d3d_bmp.cpp:545  _al_d3d_sync_bitmap              [   2.42357] _al_d3d_sync_bitmap (video) ref count == 1
stdio    D         file_stdio.c:110  file_stdio_fopen                 [   2.76327] opening ./assets/image/monster/Wolf/RIGHT_4.png rb
stdio    D         file_stdio.c:110  file_stdio_fopen                 [   2.76343] opening ./assets/image/monster/Wolf/RIGHT_4.png rb
d3d      D         d3d_disp.cpp:1202 real_choose_bitmap_format        [   2.76472] Fake format
d3d      D         d3d_disp.cpp:1202 real_choose_bitmap_format        [   2.76473] Fake format
d3d      D         d3d_disp.cpp:1202 real_choose_bitmap_format        [   2.76474] Fake format
d3d      D         d3d_disp.cpp:1202 real_choose_bitmap_format        [   2.76475] Fake format
d3d      D         d3d_disp.cpp:1202 real_choose_bitmap_format        [   2.76475] Fake format
d3d      D         d3d_disp.cpp:1202 real_choose_bitmap_format        [   2.76476] Fake format
d3d      D         d3d_disp.cpp:1202 real_choose_bitmap_format        [   2.76477] Fake format
d3d      D         d3d_disp.cpp:1202 real_choose_bitmap_format        [   2.76477] Fake format
d3d      D         d3d_disp.cpp:1202 real_choose_bitmap_format        [   2.76478] Fake format
d3d      D         d3d_disp.cpp:1210 real_choose_bitmap_format        [   2.76479] Alpha doesn't match
d3d      D         d3d_disp.cpp:1217 real_choose_bitmap_format        [   2.76480] Adapter format is 23
d3d      D         d3d_disp.cpp:1220 real_choose_bitmap_format        [   2.76480] Found a format
d3d      I         d3d_disp.cpp:2391 d3d_create_bitmap                [   2.76481] Chose bitmap format 9
dtor     D               dtor.c:196  _al_register_destructor          [   2.76499] added dtor for bitmap 000000000f8a4290, func 00007ff97e931bea
d3d      D          d3d_bmp.cpp:539  _al_d3d_sync_bitmap              [   2.77077] _al_d3d_sync_bitmap (system) ref count == 1
d3d      D          d3d_bmp.cpp:545  _al_d3d_sync_bitmap              [   2.77081] _al_d3d_sync_bitmap (video) ref count == 1
stdio    D         file_stdio.c:110  file_stdio_fopen                 [   3.11331] opening ./assets/image/monster/Wolf/RIGHT_0.png rb
stdio    D         file_stdio.c:110  file_stdio_fopen                 [   3.11348] opening ./assets/image/monster/Wolf/RIGHT_0.png rb
d3d      D         d3d_disp.cpp:1202 real_choose_bitmap_format        [   3.11502] Fake format
d3d      D         d3d_disp.cpp:1202 real_choose_bitmap_format        [   3.11503] Fake format
d3d      D         d3d_disp.cpp:1202 real_choose_bitmap_format        [   3.11504] Fake format
d3d      D         d3d_disp.cpp:1202 real_choose_bitmap_format        [   3.11504] Fake format
d3d      D         d3d_disp.cpp:1202 real_choose_bitmap_format        [   3.11505] Fake format
d3d      D         d3d_disp.cpp:1202 real_choose_bitmap_format        [   3.11506] Fake format
d3d      D         d3d_disp.cpp:1202 real_choose_bitmap_format        [   3.11506] Fake format
d3d      D         d3d_disp.cpp:1202 real_choose_bitmap_format        [   3.11507] Fake format
d3d      D         d3d_disp.cpp:1202 real_choose_bitmap_format        [   3.11507] Fake format
d3d      D         d3d_disp.cpp:1210 real_choose_bitmap_format        [   3.11508] Alpha doesn't match
d3d      D         d3d_disp.cpp:1217 real_choose_bitmap_format        [   3.11508] Adapter format is 23
d3d      D         d3d_disp.cpp:1220 real_choose_bitmap_format        [   3.11509] Found a format
d3d      I         d3d_disp.cpp:2391 d3d_create_bitmap                [   3.11510] Chose bitmap format 9
dtor     D               dtor.c:196  _al_register_destructor          [   3.11527] added dtor for bitmap 000000000f8a3a20, func 00007ff97e931bea
d3d      D          d3d_bmp.cpp:539  _al_d3d_sync_bitmap              [   3.12130] _al_d3d_sync_bitmap (system) ref count == 1
d3d      D          d3d_bmp.cpp:545  _al_d3d_sync_bitmap              [   3.12135] _al_d3d_sync_bitmap (video) ref count == 1
stdio    D         file_stdio.c:110  file_stdio_fopen                 [   4.34683] opening ./assets/image/trap/Iron.png rb
stdio    D         file_stdio.c:110  file_stdio_fopen                 [   4.34706] opening ./assets/image/trap/Iron.png rb
d3d      D         d3d_disp.cpp:1202 real_choose_bitmap_format        [   4.34711] Fake format
d3d      D         d3d_disp.cpp:1202 real_choose_bitmap_format        [   4.34711] Fake format
d3d      D         d3d_disp.cpp:1202 real_choose_bitmap_format        [   4.34712] Fake format
d3d      D         d3d_disp.cpp:1202 real_choose_bitmap_format        [   4.34713] Fake format
d3d      D         d3d_disp.cpp:1202 real_choose_bitmap_format        [   4.34713] Fake format
d3d      D         d3d_disp.cpp:1202 real_choose_bitmap_format        [   4.34714] Fake format
d3d      D         d3d_disp.cpp:1202 real_choose_bitmap_format        [   4.34714] Fake format
d3d      D         d3d_disp.cpp:1202 real_choose_bitmap_format        [   4.34715] Fake format
d3d      D         d3d_disp.cpp:1202 real_choose_bitmap_format        [   4.34715] Fake format
d3d      D         d3d_disp.cpp:1210 real_choose_bitmap_format        [   4.34716] Alpha doesn't match
d3d      D         d3d_disp.cpp:1217 real_choose_bitmap_format        [   4.34716] Adapter format is 23
d3d      D         d3d_disp.cpp:1220 real_choose_bitmap_format        [   4.34717] Found a format
d3d      I         d3d_disp.cpp:2391 d3d_create_bitmap                [   4.34718] Chose bitmap format 9
dtor     D               dtor.c:196  _al_register_destructor          [   4.34746] added dtor for bitmap 000000000f8a3bd0, func 00007ff97e931bea
d3d      D          d3d_bmp.cpp:539  _al_d3d_sync_bitmap              [   4.35541] _al_d3d_sync_bitmap (system) ref count == 1
d3d      D          d3d_bmp.cpp:545  _al_d3d_sync_bitmap              [   4.35546] _al_d3d_sync_bitmap (video) ref count == 1
stdio    D         file_stdio.c:110  file_stdio_fopen                 [   4.38047] opening ./assets/image/monster/Wolf/LEFT_3.png rb
stdio    D         file_stdio.c:110  file_stdio_fopen                 [   4.38072] opening ./assets/image/monster/Wolf/LEFT_3.png rb
d3d      D         d3d_disp.cpp:1202 real_choose_bitmap_format        [   4.38203] Fake format
d3d      D         d3d_disp.cpp:1202 real_choose_bitmap_format        [   4.38209] Fake format
d3d      D         d3d_disp.cpp:1202 real_choose_bitmap_format        [   4.38212] Fake format
d3d      D         d3d_disp.cpp:1202 real_choose_bitmap_format        [   4.38215] Fake format
d3d      D         d3d_disp.cpp:1202 real_choose_bitmap_format        [   4.38217] Fake format
d3d      D         d3d_disp.cpp:1202 real_choose_bitmap_format        [   4.38219] Fake format
d3d      D         d3d_disp.cpp:1202 real_choose_bitmap_format        [   4.38222] Fake format
d3d      D         d3d_disp.cpp:1202 real_choose_bitmap_format        [   4.38224] Fake format
d3d      D         d3d_disp.cpp:1202 real_choose_bitmap_format        [   4.38226] Fake format
d3d      D         d3d_disp.cpp:1210 real_choose_bitmap_format        [   4.38229] Alpha doesn't match
d3d      D         d3d_disp.cpp:1217 real_choose_bitmap_format        [   4.38231] Adapter format is 23
d3d      D         d3d_disp.cpp:1220 real_choose_bitmap_format        [   4.38234] Found a format
d3d      I         d3d_disp.cpp:2391 d3d_create_bitmap                [   4.38237] Chose bitmap format 9
dtor     D               dtor.c:196  _al_register_destructor          [   4.38279] added dtor for bitmap 000000000f8a3d80, func 00007ff97e931bea
d3d      D          d3d_bmp.cpp:539  _al_d3d_sync_bitmap              [   4.38857] _al_d3d_sync_bitmap (system) ref count == 1
d3d      D          d3d_bmp.cpp:545  _al_d3d_sync_bitmap              [   4.38861] _al_d3d_sync_bitmap (video) ref count == 1
stdio    D         file_stdio.c:110  file_stdio_fopen                 [   4.51328] opening ./assets/image/monster/Wolf/LEFT_4.png rb
stdio    D         file_stdio.c:110  file_stdio_fopen                 [   4.51345] opening ./assets/image/monster/Wolf/LEFT_4.png rb
d3d      D         d3d_disp.cpp:1202 real_choose_bitmap_format        [   4.51522] Fake format
d3d      D         d3d_disp.cpp:1202 real_choose_bitmap_format        [   4.51525] Fake format
d3d      D         d3d_disp.cpp:1202 real_choose_bitmap_format        [   4.51525] Fake format
d3d      D         d3d_disp.cpp:1202 real_choose_bitmap_format        [   4.51526] Fake format
d3d      D         d3d_disp.cpp:1202 real_choose_bitmap_format        [   4.51526] Fake format
d3d      D         d3d_disp.cpp:1202 real_choose_bitmap_format        [   4.51527] Fake format
d3d      D         d3d_disp.cpp:1202 real_choose_bitmap_format        [   4.51528] Fake format
d3d      D         d3d_disp.cpp:1202 real_choose_bitmap_format        [   4.51528] Fake format
d3d      D         d3d_disp.cpp:1202 real_choose_bitmap_format        [   4.51529] Fake format
d3d      D         d3d_disp.cpp:1210 real_choose_bitmap_format        [   4.51529] Alpha doesn't match
d3d      D         d3d_disp.cpp:1217 real_choose_bitmap_format        [   4.51530] Adapter format is 23
d3d      D         d3d_disp.cpp:1220 real_choose_bitmap_format        [   4.51531] Found a format
d3d      I         d3d_disp.cpp:2391 d3d_create_bitmap                [   4.51531] Chose bitmap format 9
dtor     D               dtor.c:196  _al_register_destructor          [   4.51549] added dtor for bitmap 000000000f949a60, func 00007ff97e931bea
d3d      D          d3d_bmp.cpp:539  _al_d3d_sync_bitmap              [   4.52162] _al_d3d_sync_bitmap (system) ref count == 1
d3d      D          d3d_bmp.cpp:545  _al_d3d_sync_bitmap              [   4.52166] _al_d3d_sync_bitmap (video) ref count == 1
stdio    D         file_stdio.c:110  file_stdio_fopen                 [   4.86351] opening ./assets/image/monster/Wolf/LEFT_0.png rb
stdio    D         file_stdio.c:110  file_stdio_fopen                 [   4.86368] opening ./assets/image/monster/Wolf/LEFT_0.png rb
d3d      D         d3d_disp.cpp:1202 real_choose_bitmap_format        [   4.86557] Fake format
d3d      D         d3d_disp.cpp:1202 real_choose_bitmap_format        [   4.86560] Fake format
d3d      D         d3d_disp.cpp:1202 real_choose_bitmap_format        [   4.86561] Fake format
d3d      D         d3d_disp.cpp:1202 real_choose_bitmap_format        [   4.86562] Fake format
d3d      D         d3d_disp.cpp:1202 real_choose_bitmap_format        [   4.86563] Fake format
d3d      D         d3d_disp.cpp:1202 real_choose_bitmap_format        [   4.86563] Fake format
d3d      D         d3d_disp.cpp:1202 real_choose_bitmap_format        [   4.86564] Fake format
d3d      D         d3d_disp.cpp:1202 real_choose_bitmap_format        [   4.86565] Fake format
d3d      D         d3d_disp.cpp:1202 real_choose_bitmap_format        [   4.86565] Fake format
d3d      D         d3d_disp.cpp:1210 real_choose_bitmap_format        [   4.86566] Alpha doesn't match
d3d      D         d3d_disp.cpp:1217 real_choose_bitmap_format        [   4.86567] Adapter format is 23
d3d      D         d3d_disp.cpp:1220 real_choose_bitmap_format        [   4.86568] Found a format
d3d      I         d3d_disp.cpp:2391 d3d_create_bitmap                [   4.86569] Chose bitmap format 9
dtor     D               dtor.c:196  _al_register_destructor          [   4.86587] added dtor for bitmap 000000000f949f70, func 00007ff97e931bea
d3d      D          d3d_bmp.cpp:539  _al_d3d_sync_bitmap              [   4.87162] _al_d3d_sync_bitmap (system) ref count == 1
d3d      D          d3d_bmp.cpp:545  _al_d3d_sync_bitmap              [   4.87166] _al_d3d_sync_bitmap (video) ref count == 1
stdio    D         file_stdio.c:110  file_stdio_fopen                 [   5.21327] opening ./assets/image/monster/Wolf/LEFT_1.png rb
stdio    D         file_stdio.c:110  file_stdio_fopen                 [   5.21342] opening ./assets/image/monster/Wolf/LEFT_1.png rb
d3d      D         d3d_disp.cpp:1202 real_choose_bitmap_format        [   5.21462] Fake format
d3d      D         d3d_disp.cpp:1202 real_choose_bitmap_format        [   5.21463] Fake format
d3d      D         d3d_disp.cpp:1202 real_choose_bitmap_format        [   5.21464] Fake format
d3d      D         d3d_disp.cpp:1202 real_choose_bitmap_format        [   5.21465] Fake format
d3d      D         d3d_disp.cpp:1202 real_choose_bitmap_format        [   5.21465] Fake format
d3d      D         d3d_disp.cpp:1202 real_choose_bitmap_format        [   5.21466] Fake format
d3d      D         d3d_disp.cpp:1202 real_choose_bitmap_format        [   5.21466] Fake format
d3d      D         d3d_disp.cpp:1202 real_choose_bitmap_format        [   5.21467] Fake format
d3d      D         d3d_disp.cpp:1202 real_choose_bitmap_format        [   5.21467] Fake format
d3d      D         d3d_disp.cpp:1210 real_choose_bitmap_format        [   5.21468] Alpha doesn't match
d3d      D         d3d_disp.cpp:1217 real_choose_bitmap_format        [   5.21469] Adapter format is 23
d3d      D         d3d_disp.cpp:1220 real_choose_bitmap_format        [   5.21469] Found a format
d3d      I         d3d_disp.cpp:2391 d3d_create_bitmap                [   5.21470] Chose bitmap format 9
dtor     D               dtor.c:196  _al_register_destructor          [   5.21488] added dtor for bitmap 000000000f949040, func 00007ff97e931bea
d3d      D          d3d_bmp.cpp:539  _al_d3d_sync_bitmap              [   5.22070] _al_d3d_sync_bitmap (system) ref count == 1
d3d      D          d3d_bmp.cpp:545  _al_d3d_sync_bitmap              [   5.22074] _al_d3d_sync_bitmap (video) ref count == 1
stdio    D         file_stdio.c:110  file_stdio_fopen                 [   5.56336] opening ./assets/image/monster/Wolf/LEFT_2.png rb
stdio    D         file_stdio.c:110  file_stdio_fopen                 [   5.56356] opening ./assets/image/monster/Wolf/LEFT_2.png rb
d3d      D         d3d_disp.cpp:1202 real_choose_bitmap_format        [   5.56495] Fake format
d3d      D         d3d_disp.cpp:1202 real_choose_bitmap_format        [   5.56498] Fake format
d3d      D         d3d_disp.cpp:1202 real_choose_bitmap_format        [   5.56498] Fake format
d3d      D         d3d_disp.cpp:1202 real_choose_bitmap_format        [   5.56499] Fake format
d3d      D         d3d_disp.cpp:1202 real_choose_bitmap_format        [   5.56499] Fake format
d3d      D         d3d_disp.cpp:1202 real_choose_bitmap_format        [   5.56500] Fake format
d3d      D         d3d_disp.cpp:1202 real_choose_bitmap_format        [   5.56501] Fake format
d3d      D         d3d_disp.cpp:1202 real_choose_bitmap_format        [   5.56501] Fake format
d3d      D         d3d_disp.cpp:1202 real_choose_bitmap_format        [   5.56502] Fake format
d3d      D         d3d_disp.cpp:1210 real_choose_bitmap_format        [   5.56502] Alpha doesn't match
d3d      D         d3d_disp.cpp:1217 real_choose_bitmap_format        [   5.56503] Adapter format is 23
d3d      D         d3d_disp.cpp:1220 real_choose_bitmap_format        [   5.56504] Found a format
d3d      I         d3d_disp.cpp:2391 d3d_create_bitmap                [   5.56504] Chose bitmap format 9
dtor     D               dtor.c:196  _al_register_destructor          [   5.56538] added dtor for bitmap 000000000f948e90, func 00007ff97e931bea
d3d      D          d3d_bmp.cpp:539  _al_d3d_sync_bitmap              [   5.57153] _al_d3d_sync_bitmap (system) ref count == 1
d3d      D          d3d_bmp.cpp:545  _al_d3d_sync_bitmap              [   5.57156] _al_d3d_sync_bitmap (video) ref count == 1
stdio    D         file_stdio.c:110  file_stdio_fopen                 [   5.98022] opening ./assets/image/rabbit_left.png rb
stdio    D         file_stdio.c:110  file_stdio_fopen                 [   5.98036] opening ./assets/image/rabbit_left.png rb
d3d      D         d3d_disp.cpp:1202 real_choose_bitmap_format        [   5.98040] Fake format
d3d      D         d3d_disp.cpp:1202 real_choose_bitmap_format        [   5.98041] Fake format
d3d      D         d3d_disp.cpp:1202 real_choose_bitmap_format        [   5.98042] Fake format
d3d      D         d3d_disp.cpp:1202 real_choose_bitmap_format        [   5.98042] Fake format
d3d      D         d3d_disp.cpp:1202 real_choose_bitmap_format        [   5.98043] Fake format
d3d      D         d3d_disp.cpp:1202 real_choose_bitmap_format        [   5.98044] Fake format
d3d      D         d3d_disp.cpp:1202 real_choose_bitmap_format        [   5.98044] Fake format
d3d      D         d3d_disp.cpp:1202 real_choose_bitmap_format        [   5.98045] Fake format
d3d      D         d3d_disp.cpp:1202 real_choose_bitmap_format        [   5.98045] Fake format
d3d      D         d3d_disp.cpp:1210 real_choose_bitmap_format        [   5.98046] Alpha doesn't match
d3d      D         d3d_disp.cpp:1217 real_choose_bitmap_format        [   5.98046] Adapter format is 23
d3d      D         d3d_disp.cpp:1220 real_choose_bitmap_format        [   5.98047] Found a format
d3d      I         d3d_disp.cpp:2391 d3d_create_bitmap                [   5.98048] Chose bitmap format 9
dtor     D               dtor.c:196  _al_register_destructor          [   5.98081] added dtor for bitmap 000000000f94a7e0, func 00007ff97e931bea
d3d      D          d3d_bmp.cpp:539  _al_d3d_sync_bitmap              [   5.98814] _al_d3d_sync_bitmap (system) ref count == 1
d3d      D          d3d_bmp.cpp:545  _al_d3d_sync_bitmap              [   5.98817] _al_d3d_sync_bitmap (video) ref count == 1
font     D                ttf.c:243  alloc_glyph_region               [   6.33011] Glyph 22: 14x17 (16x20)
font     D                ttf.c:287  alloc_glyph_region               [   6.33015] Locking glyph region: 000000000f8a3f30 136 0 16 20
font     D                ttf.c:167  unlock_current_page              [   6.33017] Unlocking page: 000000000f8a3f30
d3d      D          d3d_bmp.cpp:539  _al_d3d_sync_bitmap              [   6.33601] _al_d3d_sync_bitmap (system) ref count == 1
d3d      D          d3d_bmp.cpp:545  _al_d3d_sync_bitmap              [   6.33606] _al_d3d_sync_bitmap (video) ref count == 1
font     D                ttf.c:243  alloc_glyph_region               [   8.36378] Glyph 23: 14x17 (16x20)
font     D                ttf.c:287  alloc_glyph_region               [   8.36382] Locking glyph region: 000000000f8a3f30 152 0 16 20
font     D                ttf.c:167  unlock_current_page              [   8.36385] Unlocking page: 000000000f8a3f30
d3d      D          d3d_bmp.cpp:539  _al_d3d_sync_bitmap              [   8.36933] _al_d3d_sync_bitmap (system) ref count == 1
d3d      D          d3d_bmp.cpp:545  _al_d3d_sync_bitmap              [   8.36937] _al_d3d_sync_bitmap (video) ref count == 1
d3d      I         d3d_disp.cpp:915  d3d_destroy_display              [  12.18472] destroying display 0000000002df7d60 (current 0000000000000000)
bitmap   D        bitmap_type.c:308  _al_convert_to_memory_bitmap     [  12.18810] converting display bitmap 000000000f94a7e0 to memory bitmap
dtor     D               dtor.c:196  _al_register_destructor          [  12.18816] added dtor for bitmap 000000000f948ce0, func 00007ff97e931bea
d3d      D          d3d_bmp.cpp:539  _al_d3d_sync_bitmap              [  12.18818] _al_d3d_sync_bitmap (system) ref count == 1
d3d      D          d3d_bmp.cpp:545  _al_d3d_sync_bitmap              [  12.18819] _al_d3d_sync_bitmap (video) ref count == 1
dtor     D               dtor.c:227  _al_unregister_destructor        [  12.18915] removed dtor for bitmap 000000000f948ce0
bitmap   D        bitmap_type.c:308  _al_convert_to_memory_bitmap     [  12.18926] converting display bitmap 000000000f948e90 to memory bitmap
dtor     D               dtor.c:196  _al_register_destructor          [  12.18928] added dtor for bitmap 000000000f94a990, func 00007ff97e931bea
d3d      D          d3d_bmp.cpp:539  _al_d3d_sync_bitmap              [  12.18929] _al_d3d_sync_bitmap (system) ref count == 1
d3d      D          d3d_bmp.cpp:545  _al_d3d_sync_bitmap              [  12.18930] _al_d3d_sync_bitmap (video) ref count == 1
dtor     D               dtor.c:227  _al_unregister_destructor        [  12.18963] removed dtor for bitmap 000000000f94a990
bitmap   D        bitmap_type.c:308  _al_convert_to_memory_bitmap     [  12.18969] converting display bitmap 000000000f949040 to memory bitmap
dtor     D               dtor.c:196  _al_register_destructor          [  12.18971] added dtor for bitmap 000000000f9493a0, func 00007ff97e931bea
d3d      D          d3d_bmp.cpp:539  _al_d3d_sync_bitmap              [  12.18972] _al_d3d_sync_bitmap (system) ref count == 1
d3d      D          d3d_bmp.cpp:545  _al_d3d_sync_bitmap              [  12.18973] _al_d3d_sync_bitmap (video) ref count == 1
dtor     D               dtor.c:227  _al_unregister_destructor        [  12.18994] removed dtor for bitmap 000000000f9493a0
bitmap   D        bitmap_type.c:308  _al_convert_to_memory_bitmap     [  12.18999] converting display bitmap 000000000f949f70 to memory bitmap
dtor     D               dtor.c:196  _al_register_destructor          [  12.19000] added dtor for bitmap 000000000f9498b0, func 00007ff97e931bea
d3d      D          d3d_bmp.cpp:539  _al_d3d_sync_bitmap              [  12.19001] _al_d3d_sync_bitmap (system) ref count == 1
d3d      D          d3d_bmp.cpp:545  _al_d3d_sync_bitmap              [  12.19001] _al_d3d_sync_bitmap (video) ref count == 1
dtor     D               dtor.c:227  _al_unregister_destructor        [  12.19023] removed dtor for bitmap 000000000f9498b0
bitmap   D        bitmap_type.c:308  _al_convert_to_memory_bitmap     [  12.19027] converting display bitmap 000000000f949a60 to memory bitmap
dtor     D               dtor.c:196  _al_register_destructor          [  12.19028] added dtor for bitmap 000000000f94a2d0, func 00007ff97e931bea
d3d      D          d3d_bmp.cpp:539  _al_d3d_sync_bitmap              [  12.19029] _al_d3d_sync_bitmap (system) ref count == 1
d3d      D          d3d_bmp.cpp:545  _al_d3d_sync_bitmap              [  12.19029] _al_d3d_sync_bitmap (video) ref count == 1
dtor     D               dtor.c:227  _al_unregister_destructor        [  12.19050] removed dtor for bitmap 000000000f94a2d0
bitmap   D        bitmap_type.c:308  _al_convert_to_memory_bitmap     [  12.19064] converting display bitmap 000000000f8a3d80 to memory bitmap
dtor     D               dtor.c:196  _al_register_destructor          [  12.19065] added dtor for bitmap 000000000f94a990, func 00007ff97e931bea
d3d      D          d3d_bmp.cpp:539  _al_d3d_sync_bitmap              [  12.19066] _al_d3d_sync_bitmap (system) ref count == 1
d3d      D          d3d_bmp.cpp:545  _al_d3d_sync_bitmap              [  12.19067] _al_d3d_sync_bitmap (video) ref count == 1
dtor     D               dtor.c:227  _al_unregister_destructor        [  12.19092] removed dtor for bitmap 000000000f94a990
bitmap   D        bitmap_type.c:308  _al_convert_to_memory_bitmap     [  12.19097] converting display bitmap 000000000f8a3bd0 to memory bitmap
dtor     D               dtor.c:196  _al_register_destructor          [  12.19098] added dtor for bitmap 000000000f948ce0, func 00007ff97e931bea
d3d      D          d3d_bmp.cpp:539  _al_d3d_sync_bitmap              [  12.19099] _al_d3d_sync_bitmap (system) ref count == 1
d3d      D          d3d_bmp.cpp:545  _al_d3d_sync_bitmap              [  12.19100] _al_d3d_sync_bitmap (video) ref count == 1
dtor     D               dtor.c:227  _al_unregister_destructor        [  12.19124] removed dtor for bitmap 000000000f948ce0
bitmap   D        bitmap_type.c:308  _al_convert_to_memory_bitmap     [  12.19128] converting display bitmap 000000000f8a3a20 to memory bitmap
dtor     D               dtor.c:196  _al_register_destructor          [  12.19129] added dtor for bitmap 000000000f94a480, func 00007ff97e931bea
d3d      D          d3d_bmp.cpp:539  _al_d3d_sync_bitmap              [  12.19130] _al_d3d_sync_bitmap (system) ref count == 1
d3d      D          d3d_bmp.cpp:545  _al_d3d_sync_bitmap              [  12.19131] _al_d3d_sync_bitmap (video) ref count == 1
dtor     D               dtor.c:227  _al_unregister_destructor        [  12.19151] removed dtor for bitmap 000000000f94a480
bitmap   D        bitmap_type.c:308  _al_convert_to_memory_bitmap     [  12.19155] converting display bitmap 000000000f8a4290 to memory bitmap
dtor     D               dtor.c:196  _al_register_destructor          [  12.19156] added dtor for bitmap 000000000f94a990, func 00007ff97e931bea
d3d      D          d3d_bmp.cpp:539  _al_d3d_sync_bitmap              [  12.19156] _al_d3d_sync_bitmap (system) ref count == 1
d3d      D          d3d_bmp.cpp:545  _al_d3d_sync_bitmap              [  12.19157] _al_d3d_sync_bitmap (video) ref count == 1
dtor     D               dtor.c:227  _al_unregister_destructor        [  12.19177] removed dtor for bitmap 000000000f94a990
bitmap   D        bitmap_type.c:308  _al_convert_to_memory_bitmap     [  12.19180] converting display bitmap 000000000f8a40e0 to memory bitmap
dtor     D               dtor.c:196  _al_register_destructor          [  12.19181] added dtor for bitmap 000000000f9493a0, func 00007ff97e931bea
d3d      D          d3d_bmp.cpp:539  _al_d3d_sync_bitmap              [  12.19182] _al_d3d_sync_bitmap (system) ref count == 1
d3d      D          d3d_bmp.cpp:545  _al_d3d_sync_bitmap              [  12.19183] _al_d3d_sync_bitmap (video) ref count == 1
dtor     D               dtor.c:227  _al_unregister_destructor        [  12.19204] removed dtor for bitmap 000000000f9493a0
bitmap   D        bitmap_type.c:308  _al_convert_to_memory_bitmap     [  12.19207] converting display bitmap 000000000f8a3510 to memory bitmap
dtor     D               dtor.c:196  _al_register_destructor          [  12.19208] added dtor for bitmap 000000000f94a480, func 00007ff97e931bea
d3d      D          d3d_bmp.cpp:539  _al_d3d_sync_bitmap              [  12.19209] _al_d3d_sync_bitmap (system) ref count == 1
d3d      D          d3d_bmp.cpp:545  _al_d3d_sync_bitmap              [  12.19210] _al_d3d_sync_bitmap (video) ref count == 1
dtor     D               dtor.c:227  _al_unregister_destructor        [  12.19230] removed dtor for bitmap 000000000f94a480
bitmap   D        bitmap_type.c:308  _al_convert_to_memory_bitmap     [  12.19233] converting display bitmap 000000000f8a3f30 to memory bitmap
dtor     D               dtor.c:196  _al_register_destructor          [  12.19234] added dtor for bitmap 000000000f94a120, func 00007ff97e931bea
d3d      D          d3d_bmp.cpp:539  _al_d3d_sync_bitmap              [  12.19235] _al_d3d_sync_bitmap (system) ref count == 1
d3d      D          d3d_bmp.cpp:545  _al_d3d_sync_bitmap              [  12.19236] _al_d3d_sync_bitmap (video) ref count == 1
dtor     D               dtor.c:227  _al_unregister_destructor        [  12.19285] removed dtor for bitmap 000000000f94a120
bitmap   D        bitmap_type.c:308  _al_convert_to_memory_bitmap     [  12.19298] converting display bitmap 000000000f8a3870 to memory bitmap
dtor     D               dtor.c:196  _al_register_destructor          [  12.19299] added dtor for bitmap 000000000f949700, func 00007ff97e931bea
d3d      D          d3d_bmp.cpp:539  _al_d3d_sync_bitmap              [  12.19300] _al_d3d_sync_bitmap (system) ref count == 1
d3d      D          d3d_bmp.cpp:545  _al_d3d_sync_bitmap              [  12.19301] _al_d3d_sync_bitmap (video) ref count == 1
dtor     D               dtor.c:227  _al_unregister_destructor        [  12.19326] removed dtor for bitmap 000000000f949700
bitmap   D        bitmap_type.c:308  _al_convert_to_memory_bitmap     [  12.19329] converting display bitmap 000000000f8a36c0 to memory bitmap
dtor     D               dtor.c:196  _al_register_destructor          [  12.19331] added dtor for bitmap 000000000f94a2d0, func 00007ff97e931bea
d3d      D          d3d_bmp.cpp:539  _al_d3d_sync_bitmap              [  12.19332] _al_d3d_sync_bitmap (system) ref count == 1
d3d      D          d3d_bmp.cpp:545  _al_d3d_sync_bitmap              [  12.19333] _al_d3d_sync_bitmap (video) ref count == 1
dtor     D               dtor.c:227  _al_unregister_destructor        [  12.19961] removed dtor for bitmap 000000000f94a2d0
bitmap   D        bitmap_type.c:308  _al_convert_to_memory_bitmap     [  12.20051] converting display bitmap 000000000f828090 to memory bitmap
dtor     D               dtor.c:196  _al_register_destructor          [  12.20056] added dtor for bitmap 000000000f949c10, func 00007ff97e931bea
d3d      D          d3d_bmp.cpp:539  _al_d3d_sync_bitmap              [  12.20057] _al_d3d_sync_bitmap (system) ref count == 1
d3d      D          d3d_bmp.cpp:545  _al_d3d_sync_bitmap              [  12.20058] _al_d3d_sync_bitmap (video) ref count == 1
dtor     D               dtor.c:227  _al_unregister_destructor        [  12.20102] removed dtor for bitmap 000000000f949c10
bitmap   D        bitmap_type.c:308  _al_convert_to_memory_bitmap     [  12.20110] converting display bitmap 000000000f837d50 to memory bitmap
dtor     D               dtor.c:196  _al_register_destructor          [  12.20112] added dtor for bitmap 000000000f94a2d0, func 00007ff97e931bea
d3d      D          d3d_bmp.cpp:539  _al_d3d_sync_bitmap              [  12.20113] _al_d3d_sync_bitmap (system) ref count == 1
d3d      D          d3d_bmp.cpp:545  _al_d3d_sync_bitmap              [  12.20114] _al_d3d_sync_bitmap (video) ref count == 1
dtor     D               dtor.c:227  _al_unregister_destructor        [  12.20157] removed dtor for bitmap 000000000f94a2d0
bitmap   D        bitmap_type.c:308  _al_convert_to_memory_bitmap     [  12.20167] converting display bitmap 000000000f838070 to memory bitmap
dtor     D               dtor.c:196  _al_register_destructor          [  12.20171] added dtor for bitmap 000000000f94a990, func 00007ff97e931bea
d3d      D          d3d_bmp.cpp:539  _al_d3d_sync_bitmap              [  12.20172] _al_d3d_sync_bitmap (system) ref count == 1
d3d      D          d3d_bmp.cpp:545  _al_d3d_sync_bitmap              [  12.20173] _al_d3d_sync_bitmap (video) ref count == 1
dtor     D               dtor.c:227  _al_unregister_destructor        [  12.20198] removed dtor for bitmap 000000000f94a990
bitmap   D        bitmap_type.c:308  _al_convert_to_memory_bitmap     [  12.20203] converting display bitmap 000000000f8286f0 to memory bitmap
dtor     D               dtor.c:196  _al_register_destructor          [  12.20204] added dtor for bitmap 000000000f94a2d0, func 00007ff97e931bea
d3d      D          d3d_bmp.cpp:539  _al_d3d_sync_bitmap              [  12.20205] _al_d3d_sync_bitmap (system) ref count == 1
d3d      D          d3d_bmp.cpp:545  _al_d3d_sync_bitmap              [  12.20206] _al_d3d_sync_bitmap (video) ref count == 1
dtor     D               dtor.c:227  _al_unregister_destructor        [  12.20255] removed dtor for bitmap 000000000f94a2d0
bitmap   D        bitmap_type.c:308  _al_convert_to_memory_bitmap     [  12.20265] converting display bitmap 000000000f833de0 to memory bitmap
dtor     D               dtor.c:196  _al_register_destructor          [  12.20266] added dtor for bitmap 000000000f949c10, func 00007ff97e931bea
d3d      D          d3d_bmp.cpp:539  _al_d3d_sync_bitmap              [  12.20267] _al_d3d_sync_bitmap (system) ref count == 1
d3d      D          d3d_bmp.cpp:545  _al_d3d_sync_bitmap              [  12.20268] _al_d3d_sync_bitmap (video) ref count == 1
dtor     D               dtor.c:227  _al_unregister_destructor        [  12.20292] removed dtor for bitmap 000000000f949c10
bitmap   D        bitmap_type.c:308  _al_convert_to_memory_bitmap     [  12.20299] converting display bitmap 000000000f831510 to memory bitmap
dtor     D               dtor.c:196  _al_register_destructor          [  12.20300] added dtor for bitmap 000000000f9493a0, func 00007ff97e931bea
d3d      D          d3d_bmp.cpp:539  _al_d3d_sync_bitmap              [  12.20301] _al_d3d_sync_bitmap (system) ref count == 1
d3d      D          d3d_bmp.cpp:545  _al_d3d_sync_bitmap              [  12.20301] _al_d3d_sync_bitmap (video) ref count == 1
dtor     D               dtor.c:227  _al_unregister_destructor        [  12.20323] removed dtor for bitmap 000000000f9493a0
bitmap   D        bitmap_type.c:308  _al_convert_to_memory_bitmap     [  12.20327] converting display bitmap 000000000f82ec40 to memory bitmap
dtor     D               dtor.c:196  _al_register_destructor          [  12.20328] added dtor for bitmap 000000000f9498b0, func 00007ff97e931bea
d3d      D          d3d_bmp.cpp:539  _al_d3d_sync_bitmap              [  12.20329] _al_d3d_sync_bitmap (system) ref count == 1
d3d      D          d3d_bmp.cpp:545  _al_d3d_sync_bitmap              [  12.20329] _al_d3d_sync_bitmap (video) ref count == 1
dtor     D               dtor.c:227  _al_unregister_destructor        [  12.20351] removed dtor for bitmap 000000000f9498b0
bitmap   D        bitmap_type.c:308  _al_convert_to_memory_bitmap     [  12.20354] converting display bitmap 000000000f82c290 to memory bitmap
dtor     D               dtor.c:196  _al_register_destructor          [  12.20355] added dtor for bitmap 000000000f949700, func 00007ff97e931bea
d3d      D          d3d_bmp.cpp:539  _al_d3d_sync_bitmap              [  12.20355] _al_d3d_sync_bitmap (system) ref count == 1
d3d      D          d3d_bmp.cpp:545  _al_d3d_sync_bitmap              [  12.20356] _al_d3d_sync_bitmap (video) ref count == 1
dtor     D               dtor.c:227  _al_unregister_destructor        [  12.20378] removed dtor for bitmap 000000000f949700
bitmap   D        bitmap_type.c:308  _al_convert_to_memory_bitmap     [  12.20381] converting display bitmap 000000000f8299c0 to memory bitmap
dtor     D               dtor.c:196  _al_register_destructor          [  12.20382] added dtor for bitmap 000000000f9498b0, func 00007ff97e931bea
d3d      D          d3d_bmp.cpp:539  _al_d3d_sync_bitmap              [  12.20387] _al_d3d_sync_bitmap (system) ref count == 1
d3d      D          d3d_bmp.cpp:545  _al_d3d_sync_bitmap              [  12.20387] _al_d3d_sync_bitmap (video) ref count == 1
dtor     D               dtor.c:227  _al_unregister_destructor        [  12.20407] removed dtor for bitmap 000000000f9498b0
bitmap   D        bitmap_type.c:308  _al_convert_to_memory_bitmap     [  12.20411] converting display bitmap 000000000f8295c0 to memory bitmap
dtor     D               dtor.c:196  _al_register_destructor          [  12.20411] added dtor for bitmap 000000000f9491f0, func 00007ff97e931bea
d3d      D          d3d_bmp.cpp:539  _al_d3d_sync_bitmap              [  12.20412] _al_d3d_sync_bitmap (system) ref count == 1
d3d      D          d3d_bmp.cpp:545  _al_d3d_sync_bitmap              [  12.20413] _al_d3d_sync_bitmap (video) ref count == 1
dtor     D               dtor.c:227  _al_unregister_destructor        [  12.20433] removed dtor for bitmap 000000000f9491f0
bitmap   D        bitmap_type.c:308  _al_convert_to_memory_bitmap     [  12.20439] converting display bitmap 0000000002ebbe60 to memory bitmap
dtor     D               dtor.c:196  _al_register_destructor          [  12.20440] added dtor for bitmap 000000000f948ce0, func 00007ff97e931bea
d3d      D          d3d_bmp.cpp:539  _al_d3d_sync_bitmap              [  12.20441] _al_d3d_sync_bitmap (system) ref count == 1
d3d      D          d3d_bmp.cpp:545  _al_d3d_sync_bitmap              [  12.20442] _al_d3d_sync_bitmap (video) ref count == 1
dtor     D               dtor.c:227  _al_unregister_destructor        [  12.20548] removed dtor for bitmap 000000000f948ce0
d3d      D         d3d_disp.cpp:899  d3d_destroy_display_internals    [  12.20578] waiting for display 0000000002df7d60's thread to end
d3d      W         d3d_disp.cpp:608  d3d_destroy_device               [  12.23365] d3d_destroy_device: ref count not 0
d3d      W         d3d_disp.cpp:608  d3d_destroy_device               [  12.23369] d3d_destroy_device: ref count not 0
d3d      I         d3d_disp.cpp:1562 d3d_display_thread_proc          [  12.23856] d3d display thread exits
dtor     D               dtor.c:227  _al_unregister_destructor        [  12.23954] removed dtor for timer 0000000002eb4250
dtor     D               dtor.c:227  _al_unregister_destructor        [  12.23958] removed dtor for queue 0000000002e019c0
dtor     D               dtor.c:227  _al_unregister_destructor        [  12.23959] removed dtor for ttf_font 0000000002eb5ec0
dtor     D               dtor.c:227  _al_unregister_destructor        [  12.23962] removed dtor for ttf_font 0000000002eb5dd0
dtor     D               dtor.c:227  _al_unregister_destructor        [  12.23964] removed dtor for ttf_font 0000000002eb6670
dtor     D               dtor.c:227  _al_unregister_destructor        [  12.23966] removed dtor for ttf_font 0000000002eb5c50
dtor     D               dtor.c:227  _al_unregister_destructor        [  12.23967] removed dtor for ttf_font 0000000002eb6190
dtor     D               dtor.c:227  _al_unregister_destructor        [  12.23972] removed dtor for ttf_font 0000000002eb6010
dtor     D               dtor.c:227  _al_unregister_destructor        [  12.23974] removed dtor for bitmap 000000000f8a36c0
dtor     D               dtor.c:227  _al_unregister_destructor        [  12.24006] removed dtor for bitmap 000000000f828090
dtor     D               dtor.c:227  _al_unregister_destructor        [  12.24011] removed dtor for bitmap 0000000002ebbe60
dtor     D               dtor.c:227  _al_unregister_destructor        [  12.24018] removed dtor for bitmap 000000000f8295c0
dtor     D               dtor.c:227  _al_unregister_destructor        [  12.24019] removed dtor for bitmap 000000000f949f70
dtor     D               dtor.c:227  _al_unregister_destructor        [  12.24020] removed dtor for bitmap 000000000f949040
dtor     D               dtor.c:227  _al_unregister_destructor        [  12.24021] removed dtor for bitmap 000000000f948e90
dtor     D               dtor.c:227  _al_unregister_destructor        [  12.24027] removed dtor for bitmap 000000000f8a3d80
dtor     D               dtor.c:227  _al_unregister_destructor        [  12.24028] removed dtor for bitmap 000000000f949a60
dtor     D               dtor.c:227  _al_unregister_destructor        [  12.24029] removed dtor for bitmap 000000000f8a3a20
dtor     D               dtor.c:227  _al_unregister_destructor        [  12.24030] removed dtor for bitmap 000000000f8a3870
dtor     D               dtor.c:227  _al_unregister_destructor        [  12.24030] removed dtor for bitmap 000000000f8a3510
dtor     D               dtor.c:227  _al_unregister_destructor        [  12.24031] removed dtor for bitmap 000000000f8a40e0
dtor     D               dtor.c:227  _al_unregister_destructor        [  12.24032] removed dtor for bitmap 000000000f8a4290
dtor     D               dtor.c:227  _al_unregister_destructor        [  12.24033] removed dtor for bitmap 000000000f94a7e0
dtor     D               dtor.c:227  _al_unregister_destructor        [  12.24037] removed dtor for bitmap 000000000f8286f0
dtor     D               dtor.c:227  _al_unregister_destructor        [  12.24040] removed dtor for bitmap 000000000f838070
dtor     D               dtor.c:227  _al_unregister_destructor        [  12.24041] removed dtor for bitmap 000000000f837d50
dtor     D               dtor.c:227  _al_unregister_destructor        [  12.24043] removed dtor for bitmap 000000000f8299c0
dtor     D               dtor.c:227  _al_unregister_destructor        [  12.24044] removed dtor for bitmap 000000000f82c290
dtor     D               dtor.c:227  _al_unregister_destructor        [  12.24045] removed dtor for bitmap 000000000f82ec40
dtor     D               dtor.c:227  _al_unregister_destructor        [  12.24046] removed dtor for bitmap 000000000f831510
dtor     D               dtor.c:227  _al_unregister_destructor        [  12.24046] removed dtor for bitmap 000000000f833de0
dtor     D               dtor.c:227  _al_unregister_destructor        [  12.24047] removed dtor for bitmap 000000000f8a3bd0
dtor     D               dtor.c:227  _al_unregister_destructor        [  12.24048] removed dtor for sample 0000000002eb5200
dtor     D               dtor.c:227  _al_unregister_destructor        [  12.24312] removed dtor for sample_instance 0000000002ebb090
dtor     D               dtor.c:227  _al_unregister_destructor        [  12.24317] removed dtor for sample 0000000002eb4ea0
dtor     D               dtor.c:227  _al_unregister_destructor        [  12.24323] removed dtor for sample_instance 0000000002eb9480
dtor     D               dtor.c:227  _al_unregister_destructor        [  12.24323] removed dtor for sample_instance 0000000002eb95a0
dtor     D               dtor.c:227  _al_unregister_destructor        [  12.24324] removed dtor for sample_instance 0000000002eb99b0
dtor     D               dtor.c:227  _al_unregister_destructor        [  12.24325] removed dtor for sample_instance 0000000002eb9ad0
dtor     D               dtor.c:227  _al_unregister_destructor        [  12.24326] removed dtor for sample_instance 0000000002eb9bf0
dtor     D               dtor.c:227  _al_unregister_destructor        [  12.24326] removed dtor for sample_instance 0000000002eb9e50
dtor     D               dtor.c:227  _al_unregister_destructor        [  12.24327] removed dtor for sample_instance 0000000002eb9190
dtor     D               dtor.c:227  _al_unregister_destructor        [  12.24328] removed dtor for sample_instance 0000000002eb92b0
dtor     D               dtor.c:227  _al_unregister_destructor        [  12.24328] removed dtor for sample_instance 0000000002eba080
dtor     D               dtor.c:227  _al_unregister_destructor        [  12.24329] removed dtor for sample_instance 0000000002eba1a0
dtor     D               dtor.c:227  _al_unregister_destructor        [  12.24330] removed dtor for sample_instance 0000000002eba2c0
dtor     D               dtor.c:227  _al_unregister_destructor        [  12.24331] removed dtor for sample_instance 0000000002eba3e0
dtor     D               dtor.c:227  _al_unregister_destructor        [  12.24336] removed dtor for sample_instance 0000000002eba500
dtor     D               dtor.c:227  _al_unregister_destructor        [  12.24337] removed dtor for sample_instance 0000000002eba670
dtor     D               dtor.c:227  _al_unregister_destructor        [  12.24338] removed dtor for sample_instance 0000000002ebae50
dtor     D               dtor.c:227  _al_unregister_destructor        [  12.24339] removed dtor for sample_instance 0000000002ebaf70
dtor     D               dtor.c:227  _al_unregister_destructor        [  12.24339] removed dtor for mixer 0000000002eb8f50
audio-dsound D           dsound.cpp:528  _dsound_stop_voice               [  12.24340] Stopping voice
audio-dsound D           dsound.cpp:545  _dsound_stop_voice               [  12.24341] Joining thread
audio-dsound D           dsound.cpp:551  _dsound_stop_voice               [  12.25002] Joined thread
audio-dsound D           dsound.cpp:553  _dsound_stop_voice               [  12.25008] Destroying thread
audio-dsound D           dsound.cpp:555  _dsound_stop_voice               [  12.25009] Thread destroyed
audio-dsound D           dsound.cpp:562  _dsound_stop_voice               [  12.25010] Releasing buffer
audio-dsound I           dsound.cpp:566  _dsound_stop_voice               [  12.25011] Voice stopped
dtor     D               dtor.c:227  _al_unregister_destructor        [  12.25012] removed dtor for voice 0000000002eb2ee0
audio-dsound D           dsound.cpp:380  _dsound_deallocate_voice         [  12.25013] Deallocating voice
audio-dsound D           dsound.cpp:385  _dsound_deallocate_voice         [  12.25014] Deallocated voice
audio-dsound D           dsound.cpp:296  _dsound_close                    [  12.25015] Releasing device
audio-dsound D           dsound.cpp:298  _dsound_close                    [  12.42632] Released device
audio-dsound I           dsound.cpp:299  _dsound_close                    [  12.42648] DirectSound closed
